회사명,거래소코드,회계년도,감사의견코드
(유)휴먼하이테크,097315,2020/06,NA
(유)휴먼하이테크,097315,2021/06,QS
(유)휴먼하이테크,097315,2022/06,UQ
(주)화성건설이엔지,087498,2017/12,NA
(주)화성건설이엔지,087498,2018/12,UQ
(주)화성건설이엔지,087498,2019/12,UQ
(주)화성건설이엔지,087498,2020/12,UQ
(주)화성건설이엔지,087498,2021/12,UQ
(주)화성건설이엔지,087498,2022/12,UQ
(주)화성관리공사,059330,2012/12,UQ
(주)화성관리공사,059330,2013/12,UQ
(주)화성관리공사,059330,2014/12,UQ
(주)화성동탄피에프브이,106657,2021/12,NA
(주)화성동탄피에프브이,106657,2022/12,UQ
(주)화성비엔텍,085838,2017/12,NA
(주)화성비엔텍,085838,2018/12,QS
(주)화성산업,088897,2018/12,NA
(주)화성산업,088897,2019/12,QS
(주)화성산업,088897,2020/12,UQ
(주)화성산업,088897,2021/12,UQ
(주)화성스틸,064766,2012/12,QS
(주)화성스틸,064766,2013/12,UQ
(주)화성스틸,064766,2014/12,UQ
(주)화성스틸,064766,2015/12,UQ
(주)화성스틸,064766,2016/12,UQ
(주)화성스틸,064766,2017/12,UQ
(주)화성스틸,064766,2018/12,UQ
(주)화성스틸,064766,2019/12,UQ
(주)화성스틸,064766,2020/12,UQ
(주)화성스틸,064766,2021/12,UQ
(주)화성스틸,064766,2022/12,UQ
(주)화성써모,051548,2012/12,UQ
(주)화성써모,051548,2013/12,UQ
(주)화성써모,051548,2014/12,UQ
(주)화성써모,051548,2015/12,UQ
(주)화성써모,051548,2016/12,UQ
(주)화성써모,051548,2017/12,UQ
(주)화성써모,051548,2018/12,UQ
(주)화성써모,051548,2019/12,UQ
(주)화성써모,051548,2020/12,UQ
(주)화성써모,051548,2021/12,UQ
(주)화성써모,051548,2022/12,UQ
(주)화성알텍,087570,2017/12,NA
(주)화성알텍,087570,2018/12,QS
(주)화성알텍,087570,2019/12,UQ
(주)화성알텍,087570,2020/12,UQ
(주)화성알텍,087570,2021/12,UQ
(주)화성알텍,087570,2022/12,UQ
(주)화성여객,076952,2015/12,NA
(주)화성여객,076952,2016/12,UQ
(주)화성여객,076952,2019/12,NA
(주)화성여객,076952,2020/12,QS
(주)화성여객,076952,2021/12,UQ
(주)화성여객,076952,2022/12,UQ
(주)화성장안택지개발,099607,2020/12,NA
(주)화성장안택지개발,099607,2021/12,DU
(주)화성전선,020468,2012/12,UQ
(주)화성전선,020468,2013/12,UQ
(주)화성전선,020468,2014/12,UQ
(주)화성전선,020468,2015/12,UQ
(주)화성전선,020468,2016/12,UQ
(주)화성전선,020468,2017/12,UQ
(주)화성전선,020468,2018/12,UQ
(주)화성전선,020468,2019/12,UQ
(주)화성전선,020468,2020/12,UQ
(주)화성전선,020468,2021/12,UQ
(주)화성전선,020468,2022/12,UQ
(주)화성테크윈,064036,2012/12,QS
(주)화성테크윈,064036,2013/12,UQ
(주)화성테크윈,064036,2019/12,NA
(주)화성테크윈,064036,2020/12,QS
(주)화성테크윈,064036,2021/12,NA
(주)화성테크윈,064036,2022/12,QS
(주)화성프린원,020466,2014/12,UQ
(주)화송,039460,2012/12,UQ
(주)화송,039460,2013/12,UQ
(주)화송,039460,2014/12,UQ
(주)화송,039460,2015/12,UQ
(주)화송,039460,2016/12,UQ
(주)화송,039460,2017/12,UQ
(주)화송,039460,2018/12,UQ
(주)화송,039460,2019/12,UQ
(주)화송,039460,2020/12,UQ
(주)화송,039460,2021/12,UQ
(주)화송,039460,2022/12,UQ
(주)화순교통,095187,2019/12,NA
(주)화순교통,095187,2020/12,UQ
(주)화순교통,095187,2021/12,NA
(주)화순교통,095187,2022/12,UQ
(주)화승공조,020471,2012/12,UQ
(주)화승공조,020471,2013/12,UQ
(주)화승공조,020471,2014/12,UQ
(주)화승공조,020471,2015/12,UQ
(주)화승네트웍스,047793,2012/12,UQ
(주)화승네트웍스,047793,2013/12,UQ
(주)화승네트웍스,047793,2014/12,UQ
(주)화승네트웍스,047793,2015/12,UQ
(주)화승네트웍스,047793,2016/12,UQ
(주)화승네트웍스,047793,2017/12,UQ
(주)화승네트웍스,047793,2018/12,UQ
(주)화승네트웍스,047793,2019/12,UQ
(주)화승네트웍스,047793,2020/12,UQ
(주)화승네트웍스,047793,2021/12,UQ
(주)화승네트웍스,047793,2022/12,UQ
(주)화승엑스윌,048384,2012/12,UQ
(주)화승엑스윌,048384,2013/12,UQ
(주)화승엑스윌,048384,2014/12,UQ
(주)화승엑스윌,048384,2015/12,UQ
(주)화승엑스윌,048384,2016/12,UQ
(주)화승엑스윌,048384,2017/12,UQ
(주)화승엑스윌,048384,2018/12,UQ
(주)화승엑스윌,048384,2019/12,UQ
(주)화승이엔씨,100877,2020/12,NA
(주)화승이엔씨,100877,2021/12,DS
(주)화승켐텍,092433,2018/12,NA
(주)화승켐텍,092433,2019/12,QS
(주)화승켐텍,092433,2021/12,NA
(주)화승켐텍,092433,2022/12,QS
(주)화신,046099,2012/12,UQ
(주)화신,046099,2013/12,UQ
(주)화신개발,073629,2014/12,NA
(주)화신개발,073629,2015/12,QS
(주)화신개발,073629,2016/12,UQ
(주)화신개발,073629,2017/12,UQ
(주)화신개발,073629,2018/12,UQ
(주)화신개발,073629,2019/12,UQ
(주)화신개발,073629,2020/12,UQ
(주)화신개발,073629,2021/12,UQ
(주)화신개발,073629,2022/12,UQ
(주)화신볼트산업,049515,2012/12,UQ
(주)화신볼트산업,049515,2013/12,UQ
(주)화신볼트산업,049515,2014/12,UQ
(주)화신볼트산업,049515,2015/12,UQ
(주)화신볼트산업,049515,2016/12,UQ
(주)화신볼트산업,049515,2017/12,UQ
(주)화신볼트산업,049515,2018/12,UQ
(주)화신볼트산업,049515,2019/12,UQ
(주)화신볼트산업,049515,2020/12,UQ
(주)화신볼트산업,049515,2021/12,UQ
(주)화신볼트산업,049515,2022/12,UQ
(주)화신세라믹,080697,2016/12,NA
(주)화신세라믹,080697,2017/12,UQ
(주)화신세라믹,080697,2018/12,UQ
(주)화신세라믹,080697,2019/12,UQ
(주)화신세라믹,080697,2020/12,UQ
(주)화신세라믹,080697,2021/12,UQ
(주)화신세라믹,080697,2022/12,UQ
(주)화신알미늄,061415,2012/12,UQ
(주)화신알미늄,061415,2013/12,UQ
(주)화신알미늄,061415,2014/12,UQ
(주)화신에스티,066676,2013/12,QS
(주)화신에스티,066676,2014/12,UQ
(주)화신에스티,066676,2015/12,UQ
(주)화신에스티,066676,2016/12,UQ
(주)화신에스티,066676,2017/12,UQ
(주)화신에스티,066676,2018/12,UQ
(주)화신에스티,066676,2019/12,UQ
(주)화신에스티,066676,2020/12,UQ
(주)화신에스티,066676,2021/12,UQ
(주)화신에스티,066676,2022/12,UQ
(주)화신엔지니어링,089467,2018/12,NA
(주)화신엔지니어링,089467,2019/12,QS
(주)화신엔지니어링,089467,2020/12,UQ
(주)화신엔지니어링,089467,2021/12,UQ
(주)화신엔지니어링,089467,2022/12,UQ
(주)화신이앤비,072400,2014/12,NA
(주)화신이앤비,072400,2015/12,QS
(주)화신이앤비,072400,2016/12,UQ
(주)화신이앤비,072400,2017/12,UQ
(주)화신이앤비,072400,2018/12,UQ
(주)화신이앤비,072400,2019/12,UQ
(주)화신이앤비,072400,2020/12,UQ
(주)화신이앤비,072400,2021/12,UQ
(주)화신이앤비,072400,2022/12,UQ
(주)화신이엔지,099493,2020/12,NA
(주)화신이엔지,099493,2021/12,QS
(주)화신이엔지,099493,2022/12,UQ
(주)화신테크,018867,2021/12,QS
(주)화신테크,018867,2022/12,QS
(주)화신해양,069450,2013/12,NA
(주)화신해양,069450,2014/12,UQ
(주)화신해양,069450,2015/12,UQ
(주)화신해양,069450,2019/12,NA
(주)화신해양,069450,2020/12,UQ
(주)화신해양,069450,2021/12,NA
(주)화신해양,069450,2022/12,UQ
(주)화앤담픽쳐스,080396,2017/12,UQ
(주)화앤담픽쳐스,080396,2018/12,UQ
(주)화앤담픽쳐스,080396,2019/12,UQ
(주)화앤담픽쳐스,080396,2020/12,UQ
(주)화앤담픽쳐스,080396,2021/12,UQ
(주)화앤담픽쳐스,080396,2022/12,UQ
(주)화영테크윈,067773,2012/12,NA
(주)화영테크윈,067773,2013/12,QS
(주)화영테크윈,067773,2018/12,QS
(주)화영테크윈,067773,2019/12,UQ
(주)화영테크윈,067773,2020/12,UQ
(주)화영테크윈,067773,2021/12,UQ
(주)화영테크윈,067773,2022/12,UQ
(주)화요,070617,2013/12,NA
(주)화요,070617,2014/12,QS
(주)화요,070617,2017/12,UQ
(주)화요,070617,2018/12,UQ
(주)화요,070617,2019/12,UQ
(주)화요,070617,2020/12,UQ
(주)화요,070617,2021/12,UQ
(주)화요,070617,2022/12,UQ
(주)화원,039474,2012/12,UQ
(주)화원,039474,2013/12,UQ
(주)화원건설,066808,2012/12,NA
(주)화원건설,066808,2013/12,QS
(주)화원건설,066808,2014/12,UQ
(주)화원건설,066808,2015/12,UQ
(주)화원건설,066808,2016/12,UQ
(주)화원건설,066808,2017/12,UQ
(주)화원약품,045152,2012/12,UQ
(주)화원약품,045152,2013/12,UQ
(주)화원약품,045152,2014/12,UQ
(주)화원약품,045152,2015/12,UQ
(주)화원약품,045152,2016/12,UQ
(주)화원약품,045152,2017/12,UQ
(주)화원약품,045152,2018/12,UQ
(주)화원약품,045152,2019/12,UQ
(주)화원약품,045152,2020/12,UQ
(주)화원약품,045152,2021/12,UQ
(주)화원약품,045152,2022/12,UQ
(주)화이날테크,063270,2012/12,QS
(주)화이날테크,063270,2013/12,UQ
(주)화이날테크,063270,2014/12,UQ
(주)화이날테크,063270,2015/12,UQ
(주)화이날테크,063270,2016/12,UQ
(주)화이날테크,063270,2017/12,UQ
(주)화이날테크,063270,2018/12,UQ
(주)화이날테크,063270,2019/12,UQ
(주)화이날테크,063270,2020/12,UQ
(주)화이날테크,063270,2021/12,UQ
(주)화이날테크,063270,2022/12,UQ
(주)화이바이오메드,098202,2020/12,NA
(주)화이바이오메드,098202,2021/12,UQ
(주)화이버랩,052704,2012/12,DU
(주)화이버랩,052704,2013/12,DS
(주)화이브오션,048794,2012/12,UQ
(주)화이브오션,048794,2013/12,UQ
(주)화이브오션,048794,2014/12,UQ
(주)화이브오션,048794,2015/12,UQ
(주)화이브오션,048794,2016/12,UQ
(주)화이브오션,048794,2017/12,UQ
(주)화이브오션,048794,2018/12,UQ
(주)화이브오션,048794,2019/12,UQ
(주)화이브오션,048794,2020/12,UQ
(주)화이브오션,048794,2021/12,UQ
(주)화이브오션,048794,2022/12,UQ
(주)화이진개발,100674,2020/12,NA
(주)화이진개발,100674,2021/12,UQ
(주)화이트건설,098358,2020/12,NA
(주)화이트건설,098358,2021/12,UQ
(주)화이트스톤,045060,2012/12,UQ
(주)화이트스톤,045060,2013/12,UQ
(주)화이트스톤,045060,2014/12,UQ
(주)화이트스톤,045060,2015/12,UQ
(주)화이트스톤,045060,2016/12,UQ
(주)화이트스톤,045060,2017/12,UQ
(주)화이트스톤,045060,2018/12,UQ
(주)화이트스톤,045060,2019/12,UQ
(주)화이트스톤,045060,2020/12,UQ
(주)화이트스톤,045060,2021/12,UQ
(주)화이트스톤,045060,2022/12,UQ
(주)화인,026513,2012/12,UQ
(주)화인,029494,2012/12,UQ
(주)화인,029494,2013/12,UQ
(주)화인,026513,2013/12,UQ
(주)화인,026513,2014/12,UQ
(주)화인,029494,2014/12,UQ
(주)화인,029494,2015/12,UQ
(주)화인,026513,2015/12,UQ
(주)화인,026513,2016/12,UQ
(주)화인,029494,2016/12,UQ
(주)화인,080256,2016/12,NA
(주)화인,029494,2017/12,UQ
(주)화인,026513,2017/12,UQ
(주)화인,080256,2017/12,QS
(주)화인,026513,2018/12,UQ
(주)화인,029494,2018/12,UQ
(주)화인,080256,2018/12,UQ
(주)화인,029494,2019/12,UQ
(주)화인,026513,2019/12,UQ
(주)화인,080256,2019/12,UQ
(주)화인,026513,2020/12,UQ
(주)화인,029494,2020/12,UQ
(주)화인,080256,2020/12,UQ
(주)화인,026513,2021/12,UQ
(주)화인,080256,2021/12,UQ
(주)화인,029494,2021/12,UQ
(주)화인,029494,2022/12,UQ
(주)화인,026513,2022/12,UQ
(주)화인,080256,2022/12,UQ
(주)화인개발,085528,2017/12,NA
(주)화인개발,085528,2018/12,UQ
(주)화인개발,085528,2019/12,UQ
(주)화인개발,085528,2020/12,UQ
(주)화인그린하우징,083284,2016/12,NA
(주)화인그린하우징,083284,2017/12,QS
(주)화인글로벌랩,106506,2021/12,NA
(주)화인글로벌랩,106506,2022/12,UQ
(주)화인링크,089700,2018/12,NA
(주)화인링크,089700,2019/12,UQ
(주)화인링크,089700,2020/12,NA
(주)화인링크,089700,2021/12,UQ
(주)화인멀티기획,048691,2013/12,UQ
(주)화인멀티기획,048691,2014/12,UQ
(주)화인메컨,101193,2020/12,NA
(주)화인메컨,101193,2021/12,QS
(주)화인물류,070032,2013/12,NA
(주)화인물류,070032,2014/12,UQ
(주)화인물류,070032,2015/12,UQ
(주)화인물류,070032,2016/12,UQ
(주)화인물류,070032,2017/12,UQ
(주)화인물류,070032,2018/12,UQ
(주)화인물류,070032,2019/12,UQ
(주)화인물류,070032,2020/12,DS
(주)화인바이오,081941,2016/12,NA
(주)화인바이오,081941,2017/12,UQ
(주)화인바이오,081941,2018/12,UQ
(주)화인바이오,081941,2019/12,UQ
(주)화인바이오,081941,2020/12,UQ
(주)화인바이오,081941,2021/12,UQ
(주)화인바이오,081941,2022/12,UQ
(주)화인베스틸,051159,2012/12,UQ
(주)화인베스틸,051159,2013/12,UQ
(주)화인센스,067167,2012/12,NA
(주)화인센스,067167,2013/12,QS
(주)화인센스,067167,2014/12,UQ
(주)화인센스,067167,2015/12,UQ
(주)화인센스,067167,2016/12,UQ
(주)화인센스,067167,2017/12,UQ
(주)화인센스,067167,2018/12,UQ
(주)화인센스,067167,2019/12,UQ
(주)화인시스템,014453,2012/12,UQ
(주)화인시스템,014453,2013/12,UQ
(주)화인시스템,014453,2014/12,UQ
(주)화인시스템,014453,2015/12,UQ
(주)화인시스템,014453,2016/12,UQ
(주)화인시스템,014453,2017/12,UQ
(주)화인시스템,014453,2018/12,UQ
(주)화인시스템,014453,2019/12,UQ
(주)화인써키트,044077,2012/12,UQ
(주)화인써키트,044077,2013/12,UQ
(주)화인써키트,044077,2014/12,UQ
(주)화인써키트,044077,2015/12,UQ
(주)화인써키트,044077,2016/12,UQ
(주)화인써키트,044077,2017/12,UQ
(주)화인써키트,044077,2018/12,UQ
(주)화인써키트,044077,2019/12,UQ
(주)화인써키트,044077,2020/12,UQ
(주)화인써키트,044077,2021/12,UQ
(주)화인이노베이션,069494,2013/12,NA
(주)화인이노베이션,069494,2014/12,QS
(주)화인인더스트리,020480,2012/12,UQ
(주)화인인더스트리,020480,2013/12,UQ
(주)화인인더스트리,020480,2014/12,UQ
(주)화인인더스트리,020480,2015/12,UQ
(주)화인인더스트리,020480,2016/12,UQ
(주)화인인더스트리,020480,2017/12,UQ
(주)화인인더스트리,020480,2018/12,UQ
(주)화인인더스트리,020480,2019/12,UQ
(주)화인인더스트리,020480,2020/12,UQ
(주)화인인더스트리,020480,2021/12,UQ
(주)화인인더스트리,020480,2022/12,UQ
(주)화인코리아,081948,2016/12,NA
(주)화인코리아,081948,2017/12,UQ
(주)화인코리아,081948,2018/12,UQ
(주)화인코리아,081948,2019/12,UQ
(주)화인코리아,081948,2020/12,UQ
(주)화인코리아,081948,2021/12,UQ
(주)화인코리아,081948,2022/12,UQ
(주)화인테크,047846,2012/12,UQ
(주)화인테크,047846,2013/12,UQ
(주)화인테크,047846,2014/12,UQ
(주)화인테크,047846,2015/12,UQ
(주)화인테크,047846,2016/12,UQ
(주)화인테크,047846,2017/12,UQ
(주)화인테크,047846,2018/12,UQ
(주)화인테크,047846,2019/12,UQ
(주)화인테크,047846,2022/12,UQ
(주)화인테크놀리지,038943,2012/12,UQ
(주)화인테크놀리지,038943,2013/12,UQ
(주)화인테크놀리지,038943,2014/12,UQ
(주)화인테크놀리지,038943,2015/12,UQ
(주)화인테크놀리지,038943,2016/12,UQ
(주)화인테크놀리지,038943,2017/12,UQ
(주)화인테크놀리지,038943,2018/12,UQ
(주)화인테크놀리지,038943,2019/12,UQ
(주)화인테크놀리지,038943,2020/12,UQ
(주)화인테크놀리지,038943,2021/12,UQ
(주)화인테크놀리지,038943,2022/12,UQ
(주)화인텍,094539,2019/12,NA
(주)화인텍,094539,2020/12,UQ
(주)화인텍,094539,2021/12,UQ
(주)화인텍,094539,2022/12,UQ
(주)화인특장,077412,2015/12,NA
(주)화인특장,077412,2016/12,UQ
(주)화인특장,077412,2017/12,UQ
(주)화인특장,077412,2018/12,UQ
(주)화인특장,077412,2019/12,UQ
(주)화인특장,077412,2020/12,UQ
(주)화인특장,077412,2021/12,UQ
(주)화인특장,077412,2022/12,UQ
(주)화인훼미리,063262,2012/12,UQ
(주)화인훼미리,063262,2013/12,UQ
(주)화인훼미리,063262,2014/12,UQ
(주)화인훼미리,063262,2015/12,UQ
(주)화일ACS,092529,2018/12,NA
(주)화일ACS,092529,2019/12,QS
(주)화진,066801,2012/12,NA
(주)화진,066801,2013/12,UQ
(주)화진,066801,2014/12,UQ
(주)화진,066801,2015/12,UQ
(주)화진,066801,2016/12,UQ
(주)화진,066801,2017/12,UQ
(주)화진,066801,2018/12,UQ
(주)화진,066801,2019/12,UQ
(주)화진,066801,2020/12,UQ
(주)화진,099150,2020/12,NA
(주)화진,099150,2021/12,UQ
(주)화진,102309,2021/12,NA
(주)화진,066801,2021/12,UQ
(주)화진,066801,2022/12,UQ
(주)화진,102309,2022/12,QS
(주)화진금속,071096,2013/12,NA
(주)화진금속,071096,2014/12,QS
(주)화진금속,071096,2018/12,QS
(주)화진금속,071096,2019/12,UQ
(주)화진금속,071096,2020/12,UQ
(주)화진금속,071096,2021/12,UQ
(주)화진금속,071096,2022/12,UQ
(주)화진바이오코스메틱,020488,2012/12,UQ
(주)화진바이오코스메틱,020488,2013/12,UQ
(주)화진바이오코스메틱,020488,2014/12,QG
(주)화진바이오코스메틱,020488,2015/12,QU
(주)화진바이오코스메틱,020488,2016/12,DU
(주)화진바이오코스메틱,020488,2017/12,DU
(주)화진바이오코스메틱,020488,2018/12,DU
(주)화진바이오코스메틱,020488,2019/12,DU
(주)화진바이오코스메틱,020488,2020/12,DU
(주)화진바이오코스메틱,020488,2021/12,DU
(주)화진바이오코스메틱,020488,2022/12,DU
(주)화진티엔아이,104455,2021/12,NA
(주)화진티엔아이,104455,2022/12,QS
(주)화진피에프,018874,2012/12,UQ
(주)화진피에프,018874,2013/12,UQ
(주)화진피에프,018874,2014/12,UQ
(주)화진피에프,018874,2015/12,UQ
(주)화진피에프,018874,2016/12,UQ
(주)화진피에프,018874,2017/12,UQ
(주)화진피에프,018874,2018/12,UQ
(주)화진피에프,018874,2019/12,UQ
(주)화진피에프,018874,2020/12,UQ
(주)화진피에프,018874,2021/12,UQ
(주)화진피에프,018874,2022/12,UQ
(주)화진화장품,027964,2012/12,UQ
(주)화진화장품,027964,2013/12,UQ
(주)화진화장품,027964,2014/12,UQ
(주)화진화장품,027964,2015/12,DU
(주)화진화장품,027964,2016/12,DU
(주)화진화장품,027964,2017/12,DS
(주)화진화장품,027964,2018/12,DS
(주)화진화장품,027964,2019/12,DU
(주)화진화장품,027964,2020/12,DU
(주)화진화장품,027964,2021/12,DU
(주)화진화장품,027964,2022/12,DU
(주)화창,047087,2012/12,UQ
(주)화창,047087,2013/12,UQ
(주)화창,047087,2014/12,UQ
(주)화창,047087,2015/12,UQ
(주)화창,047087,2016/12,UQ
(주)화창,047087,2017/12,UQ
(주)화창,047087,2018/12,UQ
(주)화창,047087,2019/12,UQ
(주)화창,047087,2020/12,UQ
(주)화창,047087,2021/12,UQ
(주)화창,047087,2022/12,UQ
(주)화천,061718,2012/12,UQ
(주)화천공사,020489,2012/12,UQ
(주)화천공사,020489,2013/12,UQ
(주)화천공사,020489,2014/12,UQ
(주)화천공사,020489,2015/12,UQ
(주)화천공사,020489,2016/12,UQ
(주)화천공사,020489,2017/12,UQ
(주)화천공사,020489,2018/12,UQ
(주)화천공사,020489,2019/12,UQ
(주)화천공사,020489,2020/12,UQ
(주)화천공사,020489,2021/12,UQ
(주)화천일반산업단지,081569,2016/12,NA
(주)화천일반산업단지,081569,2017/12,UQ
(주)화천일반산업단지,081569,2018/12,UQ
(주)화천일반산업단지,081569,2019/12,UQ
(주)화천플랜트,070423,2013/12,NA
(주)화천플랜트,070423,2014/12,UQ
(주)화천플랜트,070423,2015/12,UQ
(주)화천플랜트,070423,2016/12,DU
(주)화천플랜트,070423,2017/12,DU
(주)화평디앤씨,057109,2012/12,UQ
(주)화평디앤씨,057109,2013/12,UQ
(주)화평디앤씨,057109,2014/12,UQ
(주)화평디앤씨,057109,2015/12,UQ
(주)화평디앤씨,057109,2016/12,UQ
(주)화평디앤씨,057109,2017/12,UQ
(주)화평디앤씨,057109,2018/12,UQ
(주)화평디앤씨,057109,2019/12,UQ
(주)화평디앤씨,057109,2020/12,UQ
(주)화평디앤씨,057109,2021/12,UQ
(주)화평디앤씨,057109,2022/12,UQ
(주)화평홀딩스,041692,2012/12,UQ
(주)화평홀딩스,041692,2013/12,UQ
(주)화평홀딩스,041692,2014/12,UQ
(주)화평홀딩스,041692,2015/12,UQ
(주)화평홀딩스,041692,2016/12,UQ
(주)화평홀딩스,041692,2017/12,UQ
(주)화평홀딩스,041692,2018/12,UQ
(주)화평홀딩스,041692,2019/12,UQ
(주)화평홀딩스,041692,2020/12,UQ
(주)화평홀딩스,041692,2021/12,UQ
(주)화평홀딩스,041692,2022/12,UQ
(주)환상제주투어버스,087279,2017/12,NA
(주)환상제주투어버스,087279,2018/12,UQ
(주)환호,089980,2018/12,NA
(주)환호,089980,2019/12,UQ
(주)환호,089980,2020/12,UQ
(주)황금가지,021320,2012/12,DU
(주)황금가지,021320,2013/12,DU
(주)황금가지,021320,2014/12,UQ
(주)황금가지,021320,2015/12,UQ
(주)황금가지,021320,2016/12,UQ
(주)황금가지,021320,2017/12,UQ
(주)황금가지,021320,2018/12,UQ
(주)황금가지,021320,2019/12,UQ
(주)황금가지,021320,2020/12,UQ
(주)황금가지,021320,2021/12,UQ
(주)황금에프앤비,103701,2021/12,NA
(주)황금에프앤비,103701,2022/12,QS
(주)황등산업,072582,2014/12,NA
(주)황등산업,072582,2015/12,QS
(주)황등산업,072582,2016/12,UQ
(주)황등산업,072582,2017/12,UQ
(주)황등산업,072582,2018/12,UQ
(주)황등산업,072582,2019/12,UQ
(주)황등산업,072582,2020/12,UQ
(주)황등산업,072582,2021/12,UQ
(주)황등산업,072582,2022/12,UQ
(주)황림,095304,2019/12,NA
(주)황림,095304,2020/12,UQ
(주)황림,095304,2021/12,UQ
(주)황림,095304,2022/12,UQ
(주)황성,040714,2012/12,UQ
(주)황솔촌상무점,099823,2020/12,NA
(주)황솔촌상무점,099823,2021/12,UQ
(주)황솔촌상무점,099823,2022/12,UQ
(주)황지,101382,2020/12,NA
(주)황지,101382,2021/12,QS
(주)황지,101382,2022/12,UQ
(주)황해전기,065728,2012/12,NA
(주)황해전기,065728,2013/12,QS
(주)황해전기,065728,2014/12,UQ
(주)황해전기,065728,2015/12,UQ
(주)황해전기,065728,2016/12,UQ
(주)황해전기,065728,2017/12,UQ
(주)황해전기,065728,2018/12,UQ
(주)황해전기,065728,2019/12,UQ
(주)횡성케이씨,074102,2014/12,NA
(주)횡성케이씨,074102,2015/12,UQ
(주)효광,078127,2015/12,NA
(주)효광,078127,2016/12,UQ
(주)효동아이엔씨,096261,2019/12,NA
(주)효동아이엔씨,096261,2020/12,DS
(주)효동아이엔씨,096261,2021/12,DS
(주)효림개발,085738,2017/12,NA
(주)효림개발,085738,2018/12,DS
(주)효림세울,063363,2012/12,UQ
(주)효림세울,063363,2013/12,UQ
(주)효림세울,063363,2014/12,UQ
(주)효림세울,063363,2015/12,UQ
(주)효림세울,063363,2016/12,UQ
(주)효림세울,063363,2017/12,UQ
(주)효림세울,063363,2018/12,UQ
(주)효림세울,063363,2019/12,UQ
(주)효림세울,063363,2020/12,UQ
(주)효림세울,063363,2021/12,UQ
(주)효림세울,063363,2022/12,UQ
(주)효림에이치에프,018830,2012/12,UQ
(주)효림에이치에프,018830,2013/12,UQ
(주)효림에이치에프,018830,2014/12,UQ
(주)효림에이치에프,018830,2015/12,UQ
(주)효림에이치에프,018830,2016/12,UQ
(주)효림에이치에프,018830,2017/12,UQ
(주)효림에이치에프,018830,2018/12,UQ
(주)효림에이치에프,018830,2019/12,UQ
(주)효림에이치에프,018830,2020/12,UQ
(주)효림에이치에프,018830,2021/12,UQ
(주)효림에이치에프,018830,2022/12,UQ
(주)효명정공,065769,2012/12,NA
(주)효명정공,065769,2013/12,QS
(주)효명정공,065769,2014/12,UQ
(주)효명정공,065769,2015/12,UQ
(주)효명정공,065769,2016/12,UQ
(주)효명정공,065769,2017/12,UQ
(주)효명정공,065769,2018/12,UQ
(주)효명정공,065769,2019/12,UQ
(주)효명정공,065769,2020/12,UQ
(주)효명정공,065769,2021/12,UQ
(주)효명정공,065769,2022/12,UQ
(주)효명종합관리,093745,2019/12,NA
(주)효명종합관리,093745,2020/12,UQ
(주)효명종합관리,093745,2021/12,UQ
(주)효명종합관리,093745,2022/12,UQ
(주)효산개발,082189,2016/12,NA
(주)효산개발,082189,2017/12,UQ
(주)효산개발,082189,2018/12,UQ
(주)효산개발,082189,2019/12,UQ
(주)효산개발,082189,2020/12,UQ
(주)효산개발,082189,2021/12,UQ
(주)효산개발,082189,2022/12,UQ
(주)효산엔지니어링,103309,2021/12,NA
(주)효산엔지니어링,103309,2022/12,UQ
(주)효석,042499,2012/12,UQ
(주)효석,042499,2013/12,UQ
(주)효석,042499,2014/12,UQ
(주)효석,042499,2015/12,UQ
(주)효석,042499,2016/12,UQ
(주)효석,042499,2017/12,UQ
(주)효석,042499,2018/12,UQ
(주)효석,042499,2019/12,UQ
(주)효석,042499,2020/12,UQ
(주)효석,042499,2021/12,UQ
(주)효석,042499,2022/12,UQ
(주)효성,052845,2012/12,UQ
(주)효성,052845,2013/12,UQ
(주)효성,052845,2014/12,UQ
(주)효성,052845,2015/12,UQ
(주)효성,052845,2016/12,UQ
(주)효성,052845,2017/12,UQ
(주)효성,052845,2018/12,UQ
(주)효성,052845,2019/12,UQ
(주)효성,052845,2020/12,UQ
(주)효성,052845,2021/12,UQ
(주)효성,052845,2022/12,UQ
(주)효성어묵,081414,2016/12,NA
(주)효성어묵,081414,2017/12,QS
(주)효성어묵,081414,2018/12,UQ
(주)효성어묵,081414,2019/12,UQ
(주)효성어묵,081414,2020/12,UQ
(주)효성어묵,081414,2021/12,UQ
(주)효성어묵,081414,2022/12,UQ
(주)효신로직스,067654,2012/12,NA
(주)효신로직스,067654,2013/12,UQ
(주)효신로직스,067654,2014/12,UQ
(주)효신로직스,067654,2015/12,UQ
(주)효신로직스,067654,2016/12,UQ
(주)효신로직스,067654,2017/12,UQ
(주)효신로직스,067654,2018/12,UQ
(주)효신로직스,067654,2019/12,UQ
(주)효원산업개발,087990,2017/12,NA
(주)효원산업개발,087990,2018/12,UQ
(주)효원산업개발,087990,2019/12,UQ
(주)효원산업개발,087990,2020/12,UQ
(주)효원산업개발,087990,2021/12,UQ
(주)효원상조,059841,2012/12,UQ
(주)효원상조,059841,2013/12,UQ
(주)효원상조,059841,2014/12,UQ
(주)효원상조,059841,2015/12,UQ
(주)효원상조,059841,2016/12,UQ
(주)효원상조,059841,2017/12,UQ
(주)효원상조,059841,2018/12,UQ
(주)효원상조,059841,2019/12,UQ
(주)효원상조,059841,2020/12,UQ
(주)효원상조,059841,2021/12,UQ
(주)효원상조,059841,2022/12,UQ
(주)효자촌,081618,2016/12,NA
(주)효자촌,081618,2017/12,UQ
(주)효자촌,081618,2018/12,UQ
(주)효자촌,081618,2019/12,UQ
(주)효자촌,081618,2021/12,NA
(주)효자촌,081618,2022/12,DS
(주)효재인터내셔널,103615,2021/12,NA
(주)효재인터내셔널,103615,2022/12,UQ
(주)효정기업,063275,2012/12,UQ
(주)효정기업,063275,2013/12,UQ
(주)효정기업,063275,2014/12,UQ
(주)효정기업,063275,2015/12,UQ
(주)효정기업,063275,2016/12,UQ
(주)효정기업,063275,2017/12,UQ
(주)효정기업,063275,2018/12,UQ
(주)효정기업,063275,2019/12,UQ
(주)효정이앤씨,094693,2019/12,NA
(주)효정이앤씨,094693,2020/12,UQ
(주)효정이앤씨,094693,2021/12,UQ
(주)효진,053637,2012/12,UQ
(주)효진,053637,2013/12,UQ
(주)효진,053637,2014/12,UQ
(주)효진,053637,2015/12,UQ
(주)효진,053637,2016/12,UQ
(주)효진,053637,2017/12,UQ
(주)효진,053637,2018/12,UQ
(주)효진,053637,2019/12,UQ
(주)효진,053637,2020/12,UQ
(주)효진,053637,2021/12,UQ
(주)효진,053637,2022/12,UQ
(주)효진기공,083335,2016/12,NA
(주)효진기공,083335,2017/12,QS
(주)효진기공,083335,2018/12,UQ
(주)효진기공,083335,2019/12,UQ
(주)효진기공,083335,2020/12,UQ
(주)효진기공,083335,2021/12,UQ
(주)효진엔지니어링,091556,2018/12,NA
(주)효진엔지니어링,091556,2019/12,QS
(주)효진엔지니어링,091556,2020/12,UQ
(주)효진엔지니어링,091556,2021/12,UQ
(주)효진엔지니어링,091556,2022/12,UQ
(주)효진이앤하이,028007,2012/12,UQ
(주)효진이앤하이,028007,2013/12,UQ
(주)효진이앤하이,028007,2014/12,UQ
(주)효진이앤하이,028007,2015/12,UQ
(주)효진이앤하이,028007,2016/12,UQ
(주)효진이앤하이,028007,2017/12,UQ
(주)효진이앤하이,028007,2018/12,UQ
(주)효진이앤하이,028007,2019/12,UQ
(주)효진이앤하이,028007,2020/12,UQ
(주)효진이앤하이,028007,2021/12,UQ
(주)효진이앤하이,028007,2022/12,UQ
(주)효창사람들,041455,2012/12,UQ
(주)효창사람들,041455,2013/12,UQ
(주)효창사람들,041455,2021/12,NA
(주)효창사람들,041455,2022/12,UQ
(주)효창에너지,049305,2012/12,UQ
(주)효창에너지,049305,2013/12,UQ
(주)효창에너지,049305,2014/12,UQ
(주)효창에너지,049305,2015/12,UQ
(주)효창에너지,049305,2016/12,UQ
(주)효창에너지,049305,2017/12,UQ
(주)효창에너지,049305,2018/12,UQ
(주)효창에너지,049305,2019/12,UQ
(주)효창에너지,049305,2020/12,UQ
(주)효창에너지,049305,2021/12,UQ
(주)효창에너지,049305,2022/12,UQ
(주)효창육가공,086366,2018/12,UQ
(주)효창티앤티,020515,2021/12,NA
(주)효창티앤티,020515,2022/12,UQ
(주)효천,061611,2012/12,UQ
(주)효천,061611,2013/12,UQ
(주)효천,061611,2014/12,UQ
(주)효천,061611,2015/12,UQ
(주)효천,061611,2016/12,UQ
(주)효천,061611,2017/12,UQ
(주)효천,061611,2018/12,UQ
(주)효천,061611,2019/12,UQ
(주)효천,061611,2020/12,UQ
(주)효천,061611,2021/12,UQ
(주)효천,061611,2022/12,UQ
(주)후게츠코리아,062275,2012/12,UQ
(주)후게츠코리아,062275,2013/12,UQ
(주)후게츠코리아,062275,2014/12,UQ
(주)후게츠코리아,062275,2015/12,UQ
(주)후너스홀딩스,039262,2012/12,UQ
(주)후너스홀딩스,039262,2013/12,UQ
(주)후너스홀딩스,039262,2014/12,UQ
(주)후너스홀딩스,039262,2015/12,UQ
(주)후너스홀딩스,039262,2016/12,UQ
(주)후너스홀딩스,039262,2017/12,UQ
(주)후너스홀딩스,039262,2018/12,UQ
(주)후너스홀딩스,039262,2019/12,UQ
(주)후너스홀딩스,039262,2020/12,UQ
(주)후너스홀딩스,039262,2021/12,UQ
(주)후니드,059554,2012/12,UQ
(주)후니드,059554,2013/12,UQ
(주)후니드,059554,2014/12,UQ
(주)후니드,059554,2015/12,UQ
(주)후니드,059554,2016/12,UQ
(주)후니드,059554,2017/12,UQ
(주)후니드,059554,2018/12,UQ
(주)후니드,059554,2019/12,UQ
(주)후니드,059554,2020/12,UQ
(주)후니드,059554,2021/12,UQ
(주)후니드,059554,2022/12,UQ
(주)후니에프앤비,096182,2019/12,NA
(주)후니에프앤비,096182,2020/12,UQ
(주)후니에프앤비,096182,2021/12,UQ
(주)후니에프앤비,096182,2022/12,UQ
(주)후드원,078895,2015/12,NA
(주)후드원,078895,2016/12,QS
(주)후드원,078895,2017/12,UQ
(주)후드원,078895,2018/12,UQ
(주)후드원,078895,2019/12,DU
(주)후드원,078895,2020/12,DU
(주)후레쉬워터,062313,2012/12,QU
(주)후레쉬워터,062313,2013/12,UQ
(주)후레씨네코리아,020516,2012/12,UQ
(주)후레씨네코리아,020516,2013/12,UQ
(주)후레씨네코리아,020516,2014/12,UQ
(주)후레씨네코리아,020516,2015/12,UQ
(주)후레씨네코리아,020516,2016/12,UQ
(주)후레씨네코리아,020516,2017/12,UQ
(주)후레씨네코리아,020516,2018/12,UQ
(주)후레씨네코리아,020516,2019/12,UQ
(주)후레씨네코리아,020516,2020/12,UQ
(주)후레씨네코리아,020516,2021/12,UQ
(주)후레씨네코리아,020516,2022/12,UQ
(주)후론티어,067116,2012/12,NA
(주)후론티어,067116,2013/12,QS
(주)후론티어,067116,2014/12,DS
(주)후세메닉스,061104,2012/12,NA
(주)후세메닉스,061104,2013/12,UQ
(주)후세메닉스,061104,2014/12,UQ
(주)후세메닉스,061104,2015/12,UQ
(주)후세메닉스,061104,2016/12,UQ
(주)후세메닉스,061104,2017/12,UQ
(주)후세메닉스,061104,2018/12,UQ
(주)후세메닉스,061104,2019/12,UQ
(주)후세메닉스,061104,2020/12,UQ
(주)후세메닉스,061104,2021/12,UQ
(주)후세메닉스,061104,2022/12,UQ
(주)후이즈,093714,2020/12,UQ
(주)후이즈,093714,2021/12,UQ
(주)후이즈,093714,2022/12,UQ
(주)후이즈홀딩스,072449,2014/12,NA
(주)후이즈홀딩스,072449,2015/12,UQ
(주)후이즈홀딩스,072449,2016/12,UQ
(주)후이즈홀딩스,072449,2017/12,UQ
(주)후지글로벌로지스틱,067458,2012/12,NA
(주)후지글로벌로지스틱,067458,2013/12,UQ
(주)후지글로벌로지스틱,067458,2014/12,UQ
(주)후지글로벌로지스틱,067458,2015/12,UQ
(주)후지글로벌로지스틱,067458,2016/12,UQ
(주)후지글로벌로지스틱,067458,2017/12,UQ
(주)후지글로벌로지스틱,067458,2018/12,UQ
(주)후지글로벌로지스틱,067458,2019/12,UQ
(주)후지글로벌로지스틱,067458,2020/12,UQ
(주)후지글로벌로지스틱,067458,2021/12,UQ
(주)후지글로벌로지스틱,067458,2022/12,UQ
(주)후지킨코리아,064531,2012/12,UQ
(주)훈영,060089,2012/12,DS
(주)훈영,060089,2013/12,DS
(주)훈영,060089,2014/12,DS
(주)훈영,060089,2015/12,DS
(주)훈영,060089,2016/12,DS
(주)훈영,060089,2017/12,DS
(주)훠링,070175,2013/12,NA
(주)훠링,070175,2014/12,QS
(주)훠링,070175,2015/12,UQ
(주)훠링,070175,2016/12,UQ
(주)훠링,070175,2017/12,UQ
(주)훼미리산업,028014,2012/12,UQ
(주)훼미리산업,028014,2013/12,UQ
(주)훼미리월드,039949,2012/12,UQ
(주)훼미리하우스,074510,2014/12,NA
(주)훼미리하우스,074510,2015/12,UQ
(주)훼미모드,020524,2020/12,UQ
(주)훼미모드,020524,2021/12,UQ
(주)훼미모드,020524,2022/12,UQ
(주)훼밀리씨앤디,087866,2017/12,NA
(주)훼밀리씨앤디,087866,2018/12,DU
(주)훼밀리씨앤디,087866,2019/12,DS
(주)훼밀리팜,063970,2012/12,QS
(주)훼밀리팜,063970,2013/12,UQ
(주)훼밀리팜,063970,2014/12,UQ
(주)훼밀리팜,063970,2015/12,UQ
(주)훼밀리팜,063970,2016/12,UQ
(주)훼밀리팜,063970,2017/12,UQ
(주)훼밀리팜,063970,2018/12,UQ
(주)훼밀리팜,063970,2019/12,UQ
(주)훼밀리팜,063970,2020/12,UQ
(주)훼밀리팜,063970,2021/12,UQ
(주)훼밀리팜,063970,2022/12,UQ
(주)휘경개발,098400,2020/12,NA
(주)휘경개발,098400,2021/12,UQ
(주)휘경개발,098400,2022/12,UQ
(주)휘닉스무역,085548,2017/12,NA
(주)휘닉스무역,085548,2018/12,QS
(주)휘닉스무역,085548,2019/12,UQ
(주)휘닉스무역,085548,2020/12,UQ
(주)휘닉스무역,085548,2021/12,UQ
(주)휘닉스무역,085548,2022/12,UQ
(주)휘닉스커뮤니케이션즈,088828,2018/12,NA
(주)휘닉스커뮤니케이션즈,088828,2019/12,UQ
(주)휘닉스커뮤니케이션즈,088828,2020/12,UQ
(주)휘라포토닉스,012641,2012/12,UQ
(주)휘라포토닉스,012641,2013/12,UQ
(주)휘라포토닉스,012641,2014/12,UQ
(주)휘라포토닉스,012641,2015/12,UQ
(주)휘라포토닉스,012641,2016/12,UQ
(주)휘라포토닉스,012641,2017/12,UQ
(주)휘라포토닉스,012641,2018/12,UQ
(주)휘라포토닉스,012641,2019/12,UQ
(주)휘라포토닉스,012641,2021/12,UQ
(주)휘라포토닉스,012641,2022/12,UQ
(주)휘보건설,104671,2021/12,NA
(주)휘보건설,104671,2022/12,UQ
(주)휘우아이앤씨,040652,2012/12,UQ
(주)휘우아이앤씨,040652,2013/12,UQ
(주)휘일,063008,2012/12,UQ
(주)휘일,063008,2013/12,UQ
(주)휘일,063008,2014/12,UQ
(주)휘일,063008,2015/12,UQ
(주)휘일,063008,2016/12,UQ
(주)휘일,063008,2017/12,UQ
(주)휘일,063008,2018/12,UQ
(주)휘일,063008,2019/12,UQ
(주)휘일,063008,2020/12,UQ
(주)휘일,063008,2021/12,UQ
(주)휘일,063008,2022/12,UQ
(주)휠링컴,077461,2015/12,NA
(주)휠링컴,077461,2016/12,QS
(주)휠링컴,077461,2017/12,UQ
(주)휠링컴,077461,2018/12,UQ
(주)휠링컴,077461,2019/12,UQ
(주)휠링컴,077461,2020/12,UQ
(주)휠링컴,077461,2021/12,UQ
(주)휠링컴,077461,2022/12,UQ
(주)휴가건설,095551,2019/12,NA
(주)휴가건설,095551,2020/12,DU
(주)휴고파트너스,104763,2021/12,NA
(주)휴고파트너스,104763,2022/12,UQ
(주)휴네스트,099043,2020/12,NA
(주)휴네스트,099043,2021/12,UQ
(주)휴네스트,099043,2022/12,UQ
(주)휴네시온,080167,2017/12,UQ
(주)휴넥트,059056,2012/12,UQ
(주)휴넥트,059056,2013/12,UQ
(주)휴넥트,059056,2014/12,UQ
(주)휴넥트,059056,2015/12,UQ
(주)휴넥트,059056,2016/12,UQ
(주)휴넥트,059056,2017/12,UQ
(주)휴넥트,059056,2018/12,UQ
(주)휴넥트,059056,2019/12,UQ
(주)휴넥트,059056,2020/12,UQ
(주)휴넥트,059056,2021/12,UQ
(주)휴넥트,059056,2022/12,UQ
(주)휴넷플러스,070448,2013/12,NA
(주)휴넷플러스,070448,2014/12,UQ
(주)휴넷플러스,070448,2015/12,NA
(주)휴넷플러스,070448,2016/12,QS
(주)휴넷플러스,070448,2017/12,UQ
(주)휴넷플러스,070448,2018/12,UQ
(주)휴넷플러스,070448,2019/12,UQ
(주)휴넷플러스,070448,2020/12,UQ
(주)휴넷플러스,070448,2021/12,UQ
(주)휴넷플러스,070448,2022/12,UQ
(주)휴노,103713,2021/12,NA
(주)휴노,103713,2022/12,UQ
(주)휴레이포지티브,106081,2021/12,NA
(주)휴레이포지티브,106081,2022/12,UQ
(주)휴렉스,066581,2012/12,NA
(주)휴렉스,066581,2013/12,QS
(주)휴렉스,066581,2014/12,UQ
(주)휴렉스,066581,2015/12,UQ
(주)휴렉스,083302,2016/12,NA
(주)휴렉스,066581,2016/12,UQ
(주)휴렉스,083302,2017/12,QS
(주)휴렉스,066581,2017/12,UQ
(주)휴렉스,066581,2018/12,UQ
(주)휴렉스,083302,2018/12,UQ
(주)휴렉스,066581,2019/12,UQ
(주)휴렉스,083302,2019/12,UQ
(주)휴렉스,066581,2020/12,UQ
(주)휴렉스,083302,2021/12,NA
(주)휴렉스,066581,2021/12,NA
(주)휴렉스,083302,2022/12,QS
(주)휴렉스,066581,2022/12,UQ
(주)휴롬,063917,2012/12,UQ
(주)휴롬,063917,2013/12,UQ
(주)휴롬,063917,2014/12,UQ
(주)휴롬,063917,2015/12,UQ
(주)휴롬,063917,2016/12,UQ
(주)휴롬,063917,2017/12,UQ
(주)휴롬,063917,2018/12,UQ
(주)휴롬,063917,2019/12,UQ
(주)휴롬,063917,2020/12,UQ
(주)휴롬,063917,2021/12,UQ
(주)휴롬,063917,2022/12,UQ
(주)휴맥,084686,2017/12,NA
(주)휴맥,084686,2018/12,UQ
(주)휴맥,084686,2019/12,UQ
(주)휴맥스아이앤씨,056237,2012/12,UQ
(주)휴맥스아이앤씨,056237,2013/12,UQ
(주)휴맥스아이앤씨,056237,2014/12,UQ
(주)휴맥스아이앤씨,056237,2019/12,UQ
(주)휴맥스아이앤씨,056237,2020/12,UQ
(주)휴맥스해운항공,052454,2012/12,UQ
(주)휴맥스해운항공,052454,2013/12,UQ
(주)휴맥스해운항공,052454,2014/12,UQ
(주)휴맥스해운항공,052454,2015/12,UQ
(주)휴맥스해운항공,052454,2016/12,UQ
(주)휴맥스해운항공,052454,2017/12,UQ
(주)휴맥스해운항공,052454,2018/12,UQ
(주)휴맥스해운항공,052454,2019/12,UQ
(주)휴맥스해운항공,052454,2020/12,UQ
(주)휴맥스해운항공,052454,2021/12,UQ
(주)휴맥스해운항공,052454,2022/12,UQ
(주)휴머니아,093631,2019/12,NA
(주)휴머니아,093631,2020/12,UQ
(주)휴머니아,093631,2021/12,UQ
(주)휴머니아,093631,2022/12,UQ
(주)휴먼넥스,041293,2012/12,UQ
(주)휴먼넥스,041293,2013/12,UQ
(주)휴먼넥스,041293,2014/12,UQ
(주)휴먼넥스,041293,2015/12,UQ
(주)휴먼리더스,094281,2019/12,NA
(주)휴먼리더스,094281,2020/12,UQ
(주)휴먼베이스파트너스,089415,2018/12,NA
(주)휴먼베이스파트너스,089415,2019/12,UQ
(주)휴먼베이스파트너스,089415,2020/12,UQ
(주)휴먼베이스파트너스,089415,2021/12,UQ
(주)휴먼베이스파트너스,089415,2022/12,UQ
(주)휴먼브릿지,063187,2012/12,QS
(주)휴먼브릿지,063187,2013/12,UQ
(주)휴먼브릿지,063187,2014/12,UQ
(주)휴먼브릿지,063187,2015/12,UQ
(주)휴먼브릿지,063187,2016/12,UQ
(주)휴먼브릿지,063187,2017/12,DU
(주)휴먼스텝스,095422,2019/12,NA
(주)휴먼스텝스,095422,2020/12,UQ
(주)휴먼스텝스,095422,2021/12,UQ
(주)휴먼스텝스,095422,2022/12,UQ
(주)휴먼스틸,091977,2018/12,NA
(주)휴먼스틸,091977,2019/12,QS
(주)휴먼스틸,091977,2020/12,QS
(주)휴먼스홀딩스제1차피에프브이,098504,2021/12,UQ
(주)휴먼스홀딩스제1차피에프브이,098504,2022/12,UQ
(주)휴먼씨앤씨,095375,2019/12,NA
(주)휴먼씨앤씨,095375,2020/12,UQ
(주)휴먼씨앤씨,095375,2021/12,UQ
(주)휴먼에셋엠씨엠,092863,2019/12,NA
(주)휴먼에셋엠씨엠,092863,2020/12,UQ
(주)휴먼에어텍,094357,2019/12,NA
(주)휴먼에어텍,094357,2020/12,QS
(주)휴먼에어텍,094357,2021/12,UQ
(주)휴먼에어텍,094357,2022/12,UQ
(주)휴먼이노베이션,090634,2018/12,NA
(주)휴먼이노베이션,090634,2019/12,QS
(주)휴먼이노베이션,090634,2020/12,NA
(주)휴먼이노베이션,090634,2021/12,QS
(주)휴먼이즈,105174,2021/12,NA
(주)휴먼이즈,105174,2022/12,UQ
(주)휴먼컨설팅그룹,093222,2019/12,NA
(주)휴먼컨설팅그룹,093222,2020/12,UQ
(주)휴먼컨설팅그룹,093222,2021/12,UQ
(주)휴먼컨설팅그룹,093222,2022/12,UQ
(주)휴먼케이블,086752,2017/12,NA
(주)휴먼케이블,086752,2018/12,QS
(주)휴먼케이블,086752,2019/12,UQ
(주)휴먼케이블,086752,2020/12,UQ
(주)휴먼케이블,086752,2021/12,UQ
(주)휴먼케이블,086752,2022/12,UQ
(주)휴먼터치,029863,2012/12,UQ
(주)휴먼터치,029863,2013/12,UQ
(주)휴먼터치,029863,2014/12,UQ
(주)휴먼터치,029863,2015/12,UQ
(주)휴먼터치,029863,2016/12,UQ
(주)휴먼터치,029863,2017/12,UQ
(주)휴먼터치,029863,2018/12,UQ
(주)휴먼터치,029863,2019/12,UQ
(주)휴먼터치,029863,2020/12,UQ
(주)휴먼터치,029863,2021/12,UQ
(주)휴먼터치,029863,2022/12,UQ
(주)휴먼텍,041436,2012/12,UQ
(주)휴먼텍,041436,2013/12,UQ
(주)휴먼텍,041436,2014/12,UQ
(주)휴먼텍,041436,2015/12,UQ
(주)휴먼텍,041436,2016/12,UQ
(주)휴먼텍,041436,2017/12,UQ
(주)휴먼텍,041436,2018/12,UQ
(주)휴먼텍,041436,2019/12,UQ
(주)휴먼텍,041436,2020/12,UQ
(주)휴먼텍,041436,2021/12,UQ
(주)휴먼텍,041436,2022/12,UQ
(주)휴먼텍코리아엔지니어링건축사사무소,093236,2019/12,NA
(주)휴먼텍코리아엔지니어링건축사사무소,093236,2020/12,UQ
(주)휴먼텍코리아엔지니어링건축사사무소,093236,2021/12,UQ
(주)휴먼텍코리아엔지니어링건축사사무소,093236,2022/12,UQ
(주)휴먼티에스에스,063052,2012/12,UQ
(주)휴먼티에스에스,063052,2013/12,UQ
(주)휴먼티에스에스,063052,2014/12,UQ
(주)휴먼티에스에스,063052,2015/12,UQ
(주)휴먼티에스에스,063052,2016/12,UQ
(주)휴먼티에스에스,063052,2017/12,UQ
(주)휴먼티에스에스,063052,2018/12,UQ
(주)휴먼티에스에스,063052,2019/12,UQ
(주)휴먼티에스에스,063052,2020/12,UQ
(주)휴먼티에스에스,063052,2021/12,UQ
(주)휴먼티에스에스,063052,2022/12,UQ
(주)휴먼패스,078989,2015/12,NA
(주)휴먼패스,078989,2016/12,UQ
(주)휴먼푸드,095130,2019/12,NA
(주)휴먼푸드,095130,2020/12,UQ
(주)휴먼푸드,095130,2021/12,UQ
(주)휴먼푸드,095130,2022/12,UQ
(주)휴먼프라임,094105,2019/12,NA
(주)휴먼프라임,094105,2020/12,UQ
(주)휴먼프라임,094105,2021/12,UQ
(주)휴먼프라임,094105,2022/12,UQ
(주)휴먼하우징,096374,2019/12,NA
(주)휴먼하우징,096374,2020/12,UQ
(주)휴먼하우징,096374,2021/12,UQ
(주)휴먼하우징,096374,2022/12,UQ
(주)휴메딕스,050335,2012/12,UQ
(주)휴메딕스,050335,2013/12,UQ
(주)휴메릭,070553,2013/12,NA
(주)휴메릭,070553,2014/12,UQ
(주)휴메릭,070553,2015/12,NA
(주)휴메릭,070553,2016/12,UQ
(주)휴메릭,070553,2017/12,DU
(주)휴메이저,080261,2017/12,UQ
(주)휴메이저,080261,2018/12,UQ
(주)휴메이저,080261,2019/12,UQ
(주)휴버텍,089392,2018/12,NA
(주)휴버텍,089392,2019/12,UQ
(주)휴버텍,089392,2020/12,UQ
(주)휴버텍,089392,2021/12,NA
(주)휴버텍,089392,2022/12,UQ
(주)휴베나,066903,2013/12,UQ
(주)휴베나,066903,2014/12,UQ
(주)휴베나,066903,2015/12,UQ
(주)휴베나,066903,2016/12,UQ
(주)휴베나,066903,2017/12,UQ
(주)휴베나,066903,2018/12,UQ
(주)휴베나,066903,2019/12,UQ
(주)휴베나,066903,2020/12,UQ
(주)휴베나,066903,2021/12,UQ
(주)휴브글로벌,047725,2012/12,UQ
(주)휴브글로벌,047725,2013/12,UQ
(주)휴브글로벌,047725,2014/12,UQ
(주)휴브글로벌,047725,2015/12,UQ
(주)휴브글로벌,047725,2016/12,UQ
(주)휴브글로벌,047725,2017/12,UQ
(주)휴브글로벌,047725,2018/12,UQ
(주)휴브글로벌,047725,2019/12,UQ
(주)휴브글로벌,047725,2020/12,UQ
(주)휴브글로벌,047725,2021/12,UQ
(주)휴브글로벌,047725,2022/12,UQ
(주)휴비딕,098083,2021/12,UQ
(주)휴비딕,098083,2022/12,UQ
(주)휴비스,097640,2020/12,NA
(주)휴비스,097640,2021/12,QS
(주)휴비스,097640,2022/12,UQ
(주)휴비스트제약,081912,2016/12,NA
(주)휴비스트제약,081912,2017/12,QS
(주)휴비스트제약,081912,2018/12,UQ
(주)휴비스트제약,081912,2019/12,UQ
(주)휴비스트제약,081912,2020/12,UQ
(주)휴비스트제약,081912,2021/12,UQ
(주)휴비스트제약,081912,2022/12,UQ
(주)휴비코,061194,2012/12,UQ
(주)휴세스,048576,2012/12,UQ
(주)휴세스,048576,2013/12,UQ
(주)휴세스,048576,2014/12,UQ
(주)휴세스,048576,2015/12,UQ
(주)휴세스,048576,2016/12,UQ
(주)휴세스,048576,2017/12,UQ
(주)휴세스,048576,2018/12,UQ
(주)휴세스,048576,2019/12,UQ
(주)휴세스,048576,2020/12,UQ
(주)휴세스,048576,2021/12,UQ
(주)휴세스,048576,2022/12,UQ
(주)휴세코,043446,2012/12,UQ
(주)휴세코,043446,2013/12,UQ
(주)휴세코,043446,2014/12,UQ
(주)휴세코,043446,2015/12,UQ
(주)휴세코,043446,2016/12,UQ
(주)휴세코,043446,2017/12,UQ
(주)휴세코,043446,2018/12,UQ
(주)휴세코,043446,2019/12,UQ
(주)휴세코,043446,2020/12,UQ
(주)휴세코,043446,2021/12,UQ
(주)휴세코,043446,2022/12,UQ
(주)휴스코,066858,2012/12,NA
(주)휴스코,066858,2013/12,QS
(주)휴스코,066858,2014/12,UQ
(주)휴스코,066858,2015/12,UQ
(주)휴스코,066858,2016/12,UQ
(주)휴스코,066858,2017/12,UQ
(주)휴스코,066858,2018/12,UQ
(주)휴스코,066858,2019/12,UQ
(주)휴스코,066858,2020/12,QU
(주)휴스코,066858,2021/12,QU
(주)휴스코,066858,2022/12,AG
(주)휴스토리,011138,2015/12,UQ
(주)휴스토리,011138,2016/12,UQ
(주)휴스토리,011138,2017/12,UQ
(주)휴스토리,011138,2018/12,UQ
(주)휴스토리,011138,2019/12,UQ
(주)휴스토리,011138,2020/12,UQ
(주)휴스토리,011138,2021/12,UQ
(주)휴스토리,011138,2022/12,UQ
(주)휴앤락그룹,103666,2021/12,NA
(주)휴앤락그룹,103666,2022/12,UQ
(주)휴앤비,051715,2012/12,UQ
(주)휴온스메디텍,063349,2012/12,QS
(주)휴온스메디텍,063349,2013/12,UQ
(주)휴온스메디텍,063349,2014/12,UQ
(주)휴온스메디텍,063349,2017/12,UQ
(주)휴온스메디텍,063349,2018/12,UQ
(주)휴온스메디텍,063349,2019/12,UQ
(주)휴온스메디텍,063349,2020/12,UQ
(주)휴온스메디텍,063349,2021/12,UQ
(주)휴온스메디텍,063349,2022/12,UQ
(주)휴온스바이오파마,097549,2021/12,UQ
(주)휴온스바이오파마,097549,2022/12,UQ
(주)휴젠,050399,2012/12,UQ
(주)휴젠종합건설,096923,2019/12,NA
(주)휴젠종합건설,096923,2020/12,DS
(주)휴젠종합건설,096923,2021/12,DS
(주)휴젠종합건설,096923,2022/12,DS
(주)휴코드홀딩스,060303,2012/12,DS
(주)휴코드홀딩스,060303,2013/12,DS
(주)휴코드홀딩스,060303,2014/12,UQ
(주)휴코드홀딩스,060303,2015/12,UQ
(주)휴코드홀딩스,060303,2016/12,UQ
(주)휴코드홀딩스,060303,2017/12,UQ
(주)휴코드홀딩스,060303,2018/12,UQ
(주)휴코드홀딩스,060303,2019/12,UQ
(주)휴코드홀딩스,060303,2020/12,UQ
(주)휴코드홀딩스,060303,2021/12,UQ
(주)휴코드홀딩스,060303,2022/12,UQ
(주)휴콥,059342,2012/12,UQ
(주)휴콥,059342,2013/12,UQ
(주)휴콥,059342,2014/12,UQ
(주)휴콥,059342,2015/12,UQ
(주)휴콥,059342,2016/12,UQ
(주)휴콥,059342,2017/12,UQ
(주)휴콥,059342,2018/12,UQ
(주)휴콥,059342,2019/12,UQ
(주)휴콥,059342,2020/12,UQ
(주)휴콥,059342,2021/12,UQ
(주)휴콥,059342,2022/12,UQ
(주)휴테크산업,080449,2016/12,NA
(주)휴테크산업,080449,2017/12,QS
(주)휴테크산업,080449,2018/12,UQ
(주)휴테크산업,080449,2019/12,UQ
(주)휴테크산업,080449,2020/12,UQ
(주)휴테크산업,080449,2021/12,UQ
(주)휴테크산업,080449,2022/12,UQ
(주)휴텍,091680,2018/12,NA
(주)휴텍,091680,2019/12,UQ
(주)휴텍,091680,2020/12,NA
(주)휴텍,091680,2021/12,UQ
(주)휴텍,091680,2022/12,UQ
(주)휴텍엔지니어링,077722,2015/12,NA
(주)휴텍엔지니어링,077722,2016/12,QS
(주)휴텍엔지니어링,077722,2017/12,UQ
(주)휴텍엔지니어링,077722,2018/12,UQ
(주)휴텍엔지니어링,077722,2019/12,UQ
(주)휴텍엔지니어링,077722,2020/12,UQ
(주)휴텍엔지니어링,077722,2021/12,UQ
(주)휴텍엔지니어링,077722,2022/12,UQ
(주)휴피스,059359,2012/12,UQ
(주)휴피스,059359,2013/12,UQ
(주)휴피스,059359,2014/12,UQ
(주)휴피스,059359,2015/12,UQ
(주)휴피스,059359,2016/12,UQ
(주)휴피스,059359,2017/12,UQ
(주)휴피스,059359,2018/12,UQ
(주)휴피스,059359,2019/12,UQ
(주)휴피스,059359,2020/12,UQ
(주)휴피스,059359,2021/12,UQ
(주)휴피스,059359,2022/12,UQ
(주)흙,042939,2012/12,UQ
(주)흙,042939,2013/12,UQ
(주)흙,042939,2014/12,UQ
(주)흙,042939,2015/12,UQ
(주)흙,042939,2016/12,UQ
(주)흙,042939,2017/12,UQ
(주)흙,042939,2018/12,UQ
(주)흙,042939,2019/12,UQ
(주)흙,042939,2020/12,UQ
(주)흙,042939,2021/12,UQ
(주)흙,042939,2022/12,UQ
(주)흥국에프엔비,064936,2012/12,UQ
(주)흥국에프엔비,064936,2013/12,UQ
(주)흥국에프엔비,064936,2014/12,UQ
(주)흥덕건설,085783,2017/12,NA
(주)흥덕건설,085783,2018/12,UQ
(주)흥덕기업,093330,2019/12,NA
(주)흥덕기업,093330,2020/12,QG
(주)흥덕기업,093330,2021/12,UQ
(주)흥덕산업,049354,2012/12,AG
(주)흥덕산업,049354,2013/12,AG
(주)흥산화성,091322,2018/12,NA
(주)흥산화성,091322,2019/12,QS
(주)흥산화성,091322,2020/12,UQ
(주)흥산화성,091322,2021/12,UQ
(주)흥산화성,091322,2022/12,UQ
(주)흥성철강,050352,2012/12,UQ
(주)흥성철강,050352,2013/12,UQ
(주)흥성철강,050352,2014/12,UQ
(주)흥성철강,050352,2015/12,UQ
(주)흥성철강,050352,2016/12,UQ
(주)흥성철강,050352,2017/12,UQ
(주)흥성철강,050352,2018/12,UQ
(주)흥성철강,050352,2019/12,UQ
(주)흥성철강,050352,2020/12,UQ
(주)흥성철강,050352,2021/12,UQ
(주)흥성철강,050352,2022/12,UQ
(주)흥아,010606,2012/12,UQ
(주)흥아,010606,2013/12,UQ
(주)흥아,010606,2014/12,UQ
(주)흥아,010606,2015/12,UQ
(주)흥아,010606,2016/12,UQ
(주)흥아,010606,2017/12,UQ
(주)흥아,010606,2018/12,UQ
(주)흥아,010606,2019/12,UQ
(주)흥아,010606,2020/12,UQ
(주)흥아,010606,2021/12,UQ
(주)흥아,010606,2022/12,UQ
(주)흥아기연,041272,2012/12,UQ
(주)흥아기연,041272,2013/12,UQ
(주)흥아기연,041272,2014/12,UQ
(주)흥아기연,041272,2015/12,UQ
(주)흥아기연,041272,2016/12,UQ
(주)흥아기연,041272,2017/12,UQ
(주)흥아기연,041272,2018/12,UQ
(주)흥아기연,041272,2019/12,UQ
(주)흥아기연,041272,2020/12,UQ
(주)흥아기연,041272,2021/12,UQ
(주)흥아기연,041272,2022/12,UQ
(주)흥아프로퍼티그룹,056879,2012/12,UQ
(주)흥아프로퍼티그룹,056879,2013/12,UQ
(주)흥아프로퍼티그룹,056879,2014/12,UQ
(주)흥아프로퍼티그룹,056879,2015/12,UQ
(주)흥아프로퍼티그룹,056879,2016/12,UQ
(주)흥아프로퍼티그룹,056879,2017/12,UQ
(주)흥아프로퍼티그룹,056879,2018/12,UQ
(주)흥아프로퍼티그룹,056879,2019/12,UQ
(주)흥아프로퍼티그룹,056879,2020/12,UQ
(주)흥아프로퍼티그룹,056879,2021/12,UQ
(주)흥아프로퍼티그룹,056879,2022/12,UQ
(주)흥영물산,043468,2021/12,UQ
(주)흥일금속,041026,2012/12,UQ
(주)흥일금속,041026,2013/12,UQ
(주)흥일금속,041026,2014/12,UQ
(주)흥일금속,041026,2015/12,UQ
(주)흥일금속,041026,2016/12,UQ
(주)흥일금속,041026,2017/12,UQ
(주)흥일금속,041026,2018/12,UQ
(주)흥일금속,041026,2019/12,UQ
(주)흥일금속,041026,2020/12,UQ
(주)흥일금속,041026,2021/12,UQ
(주)흥일금속,041026,2022/12,UQ
(주)흥일씨엔에이,089488,2018/12,NA
(주)흥일씨엔에이,089488,2019/12,QS
(주)흥일폴리켐,069235,2013/12,NA
(주)흥일폴리켐,069235,2014/12,QS
(주)흥일폴리켐,069235,2015/12,UQ
(주)흥일폴리켐,069235,2016/12,UQ
(주)흥일폴리켐,069235,2017/12,UQ
(주)흥일폴리켐,069235,2018/12,UQ
(주)흥일폴리켐,069235,2019/12,UQ
(주)흥일폴리켐,069235,2020/12,UQ
(주)흥일폴리켐,069235,2021/12,UQ
(주)흥일폴리켐,069235,2022/12,UQ
(주)흥진,043611,2012/12,UQ
(주)흥진,043611,2013/12,UQ
(주)흥진,043611,2014/12,UQ
(주)흥진,043611,2015/12,UQ
(주)흥진,043611,2016/12,DS
(주)흥진개발,087417,2017/12,NA
(주)흥진개발,087417,2018/12,UQ
(주)흥진개발,087417,2019/12,UQ
(주)흥진개발,087417,2020/12,UQ
(주)흥진베가디앤씨,100862,2020/12,NA
(주)흥진베가디앤씨,100862,2021/12,UQ
(주)흥진베가디앤씨,100862,2022/12,UQ
(주)흥진제이월드,096487,2019/12,NA
(주)흥진제이월드,096487,2020/12,UQ
(주)흥진제이월드,096487,2021/12,UQ
(주)흥진제이월드,096487,2022/12,UQ
(주)흥진티엔디,071183,2013/12,NA
(주)흥진티엔디,071183,2014/12,QS
(주)흥진티엔디,071183,2015/12,UQ
(주)흥진티엔디,071183,2016/12,UQ
(주)흥진티엔디,071183,2017/12,UQ
(주)흥진티엔디,071183,2018/12,UQ
(주)흥진티엔디,071183,2019/12,UQ
(주)흥진티엔디,071183,2020/12,UQ
(주)흥진홀딩스,094683,2019/12,NA
(주)흥진홀딩스,094683,2020/12,UQ
(주)흥진홀딩스,094683,2021/12,UQ
(주)흥진홀딩스,094683,2022/12,UQ
(주)흥해,020557,2012/12,UQ
(주)흥해,020557,2013/12,UQ
(주)흥해,020557,2014/12,UQ
(주)흥해,020557,2015/12,UQ
(주)흥해,020557,2016/12,UQ
(주)흥해,020557,2017/12,UQ
(주)흥해,020557,2018/12,UQ
(주)흥해,020557,2019/12,UQ
(주)흥해,020557,2020/12,UQ
(주)흥해,020557,2021/12,UQ
(주)흥해,020557,2022/12,UQ
(주)흥화,010063,2012/12,UQ
(주)흥화,062218,2012/12,UQ
(주)흥화,065166,2012/12,QG
(주)흥화,010063,2013/12,UQ
(주)흥화,065166,2013/12,NA
(주)흥화,062218,2013/12,UQ
(주)흥화,065166,2014/12,QS
(주)흥화,010063,2014/12,UQ
(주)흥화,010063,2015/12,UQ
(주)흥화,065166,2015/12,UQ
(주)흥화,010063,2016/12,UQ
(주)흥화,065166,2016/12,UQ
(주)흥화,065166,2017/12,UQ
(주)흥화,010063,2017/12,UQ
(주)흥화,010063,2018/12,UQ
(주)흥화,065166,2018/12,UQ
(주)흥화,010063,2019/12,UQ
(주)흥화,065166,2019/12,UQ
(주)흥화,010063,2020/12,UQ
(주)흥화,065166,2020/12,UQ
(주)흥화,065166,2021/12,UQ
(주)흥화,010063,2021/12,UQ
(주)흥화,065166,2022/12,UQ
(주)흥화,010063,2022/12,UQ
(주)희망가스충전소,074719,2015/12,UQ
(주)희망가스충전소,074719,2016/12,UQ
(주)희망가스충전소,074719,2017/12,UQ
(주)희망교육,051329,2012/12,UQ
(주)희망교육,051329,2013/12,UQ
(주)희망교육,051329,2014/12,UQ
(주)희망교육,051329,2015/12,UQ
(주)희망교육,051329,2016/12,UQ
(주)희망교육,051329,2017/12,UQ
(주)희망교육,051329,2018/12,UQ
(주)희망교육,051329,2019/12,UQ
(주)희망교육,051329,2020/12,UQ
(주)희망교육,051329,2021/12,UQ
(주)희망교육,051329,2022/12,UQ
(주)희망노트사,100487,2020/12,NA
(주)희망노트사,100487,2021/12,QS
(주)희망노트사,100487,2022/12,UQ
(주)희망세움이차,080638,2016/12,NA
(주)희망세움이차,080638,2017/12,UQ
(주)희망세움이차,080638,2018/12,UQ
(주)희망세움이차,080638,2019/12,UQ
(주)희망세움이차,080638,2020/12,UQ
(주)희망세움이차,080638,2021/12,UQ
(주)희망세움이차,080638,2022/12,UQ
(주)희망임대주택위탁관리부동산투자회사,069090,2013/12,NA
(주)희망임대주택위탁관리부동산투자회사,069090,2014/12,UQ
(주)희망임대주택위탁관리부동산투자회사,069090,2015/12,UQ
(주)희망임대주택위탁관리부동산투자회사,069090,2016/12,UQ
(주)희망임대주택위탁관리부동산투자회사,069090,2017/12,UQ
(주)희망임대주택위탁관리부동산투자회사,069090,2018/12,UQ
(주)희망임대주택위탁관리부동산투자회사,069090,2019/12,UQ
(주)희성산업,096866,2019/12,NA
(주)희성산업,096866,2020/12,DS
(주)희성앤에이치,044123,2012/12,UQ
(주)희성앤에이치,044123,2013/12,UQ
(주)희성앤에이치,044123,2014/12,UQ
(주)희성앤에이치,044123,2015/12,UQ
(주)희성앤에이치,044123,2016/12,UQ
(주)희성앤에이치,044123,2017/12,UQ
(주)희성앤에이치,044123,2018/12,UQ
(주)희성앤에이치,044123,2019/12,UQ
(주)희성앤에이치,044123,2020/12,UQ
(주)희성앤에이치,044123,2021/12,UQ
(주)희성앤에이치,044123,2022/12,UQ
(주)희우산업,094719,2019/12,NA
(주)희우산업,094719,2020/12,UQ
(주)희우산업,094719,2021/12,UQ
(주)희우산업,094719,2022/12,QU
(주)희종종합건설,090240,2018/12,NA
(주)희종종합건설,090240,2019/12,UQ
(주)희종종합건설,090240,2020/12,UQ
(주)희종종합건설,090240,2021/12,UQ
(주)희종종합건설,090240,2022/12,UQ
(주)흰물결,089680,2018/12,NA
(주)흰물결,089680,2019/12,QS
(주)히든타이거,096474,2019/12,NA
(주)히든타이거,096474,2020/12,QS
(주)히든타이거,096474,2021/12,UQ
(주)히든타이거,096474,2022/12,UQ
(주)히즈시스템,048634,2015/12,QS
(주)히즈시스템,048634,2016/12,UQ
(주)히즈시스템,048634,2017/12,UQ
(주)히즈시스템,048634,2018/12,UQ
(주)히즈시스템,048634,2019/12,UQ
(주)히즈시스템,048634,2020/12,UQ
(주)히즈시스템,048634,2021/12,UQ
(주)히즈시스템,048634,2022/12,UQ
(주)히카리글로벌,083160,2016/12,NA
(주)히카리글로벌,083160,2017/12,UQ
(주)히카리글로벌,083160,2018/12,UQ
(주)히카리글로벌,083160,2019/12,UQ
(주)히카리글로벌,083160,2020/12,UQ
(주)히코,072557,2014/12,NA
(주)히코,072557,2015/12,QS
(주)히코,072557,2016/12,UQ
(주)히코,072557,2017/12,UQ
(주)히코,072557,2018/12,UQ
(주)히코,072557,2019/12,UQ
(주)히코,072557,2020/12,UQ
(주)히코,072557,2021/12,UQ
(주)히코,072557,2022/12,UQ
(주)히타치엘지데이터스토리지코리아,029410,2012/12,UQ
(주)히타치엘지데이터스토리지코리아,029410,2013/12,UQ
(주)히타치엘지데이터스토리지코리아,029410,2014/12,UQ
(주)히타치엘지데이터스토리지코리아,029410,2015/12,UQ
(주)히타치엘지데이터스토리지코리아,029410,2016/12,UQ
(주)히타치엘지데이터스토리지코리아,029410,2017/12,UQ
(주)히타치엘지데이터스토리지코리아,029410,2018/12,UQ
(주)히타치엘지데이터스토리지코리아,029410,2019/12,UQ
(주)히타치엘지데이터스토리지코리아,029410,2020/12,UQ
(주)히타치엘지데이터스토리지코리아,029410,2021/12,UQ
(주)히타치엘지데이터스토리지코리아,029410,2022/12,UQ
(주)힐링페이퍼,099887,2020/12,NA
(주)힐링페이퍼,099887,2021/12,UQ
(주)힐링페이퍼,099887,2022/12,UQ
(주)힐세리온,086122,2017/12,NA
(주)힐세리온,086122,2018/12,UQ
(주)힐세리온,086122,2019/12,UQ
(주)힐세리온,086122,2020/12,DS
(주)힐탑디앤씨,074155,2014/12,NA
(주)힐탑디앤씨,074155,2015/12,UQ
(주)힐텍코퍼레이션,104901,2021/12,NA
(주)힐텍코퍼레이션,104901,2022/12,QS
(주)힘스,046244,2012/12,UQ
(주)힘스,046244,2013/12,UQ
(주)힘스,046244,2014/12,UQ
(주)힘스,046244,2015/12,UQ
(주)힘스,046244,2016/12,UQ
(주)힘쎈프레스,074289,2014/12,NA
(주)힘쎈프레스,074289,2015/12,QS
(주)힘쎈프레스,074289,2016/12,UQ
(주)힘쎈프레스,074289,2017/12,UQ
(주)힘찬건설,066053,2012/12,NA
(주)힘찬건설,066053,2013/12,UQ
(주)힘찬건설,066053,2014/12,UQ
(주)힘찬건설,066053,2015/12,UQ
(주)힘찬건설,066053,2016/12,UQ
(주)힘찬건설,066053,2017/12,UQ
(주)힘찬건설,066053,2018/12,UQ
(주)힘찬건설,066053,2019/12,UQ
(주)힘찬건설,066053,2020/12,UQ
(주)힘찬건설,066053,2021/12,UQ
(주)힘찬건설,066053,2022/12,UQ
(주)힘찬닥터스,052687,2012/12,UQ
(주)힘찬닥터스,052687,2013/12,UQ
(주)힘찬닥터스,052687,2014/12,UQ
(주)힘찬닥터스,052687,2015/12,UQ
(주)힘찬닥터스,052687,2016/12,UQ
(주)힘찬닥터스,052687,2017/12,UQ
(주)힘찬닥터스,052687,2018/12,UQ
(주)힘찬닥터스,052687,2019/12,UQ
(주)힘찬닥터스,052687,2020/12,UQ
(주)힘찬닥터스,052687,2021/12,UQ
(주)힘찬닥터스,052687,2022/12,UQ
(주)힘펠,061765,2012/12,UQ
(주)힘펠,061765,2013/12,UQ
(주)힘펠,061765,2014/12,UQ
(주)힘펠,061765,2015/12,UQ
(주)힘펠,061765,2016/12,UQ
(주)힘펠,061765,2017/12,UQ
(주)힘펠,061765,2018/12,UQ
(주)힘펠,061765,2019/12,UQ
(주)힘펠,061765,2020/12,UQ
(주)힘펠,061765,2021/12,UQ
(주)힘펠,061765,2022/12,UQ
화성건설주식회사,020464,2012/12,UQ
화성건설주식회사,020464,2013/12,UQ
화성건설주식회사,020464,2014/12,UQ
화성건설주식회사,020464,2015/12,UQ
화성건설주식회사,020464,2016/12,UQ
화성건설주식회사,020464,2017/12,UQ
화성건설주식회사,020464,2018/12,UQ
화성건설주식회사,020464,2019/12,UQ
화성고속주식회사,076910,2015/12,NA
화성고속주식회사,076910,2016/12,QS
화성고속주식회사,076910,2019/12,NA
화성고속주식회사,076910,2020/12,UQ
화성광주고속도로주식회사,080735,2016/12,NA
화성광주고속도로주식회사,080735,2017/12,UQ
화성광주고속도로주식회사,080735,2018/12,UQ
화성광주고속도로주식회사,080735,2019/12,UQ
화성광주고속도로주식회사,080735,2020/12,UQ
화성광주고속도로주식회사,080735,2021/12,UQ
화성광주고속도로주식회사,080735,2022/12,UQ
화성금속공업(주),105705,2021/12,NA
화성금속공업(주),105705,2022/12,UQ
화성도시고속도로주식회사,074094,2014/12,NA
화성도시고속도로주식회사,074094,2015/12,UQ
화성도시고속도로주식회사,074094,2016/12,UQ
화성도시고속도로주식회사,074094,2017/12,UQ
화성도시고속도로주식회사,074094,2018/12,UQ
화성도시고속도로주식회사,074094,2019/12,UQ
화성도시고속도로주식회사,074094,2020/12,UQ
화성도시고속도로주식회사,074094,2021/12,UQ
화성도시고속도로주식회사,074094,2022/12,UQ
화성도시공사,058104,2012/12,UQ
화성도시공사,058104,2013/12,UQ
화성도시공사,058104,2014/12,UQ
화성도시공사,058104,2015/12,UQ
화성도시공사,058104,2016/12,UQ
화성도시공사,058104,2017/12,UQ
화성도시피에프브이주식회사,078500,2016/12,UQ
화성도시피에프브이주식회사,078500,2017/12,UQ
화성도시피에프브이주식회사,078500,2019/09,UQ
화성리사이클링(주),082660,2016/12,NA
화성리사이클링(주),082660,2017/12,UQ
화성리사이클링(주),082660,2018/12,UQ
화성리사이클링(주),082660,2019/12,UQ
화성리사이클링(주),082660,2020/12,UQ
화성리사이클링(주),082660,2021/12,UQ
화성리사이클링(주),082660,2022/12,UQ
화성미래피에프브이주식회사,078289,2015/12,NA
화성미래피에프브이주식회사,078289,2016/12,UQ
화성미래피에프브이주식회사,078289,2017/12,UQ
화성미래피에프브이주식회사,078289,2018/12,UQ
화성보안시스템(주),094078,2019/12,NA
화성보안시스템(주),094078,2020/12,UQ
화성보안시스템(주),094078,2021/12,UQ
화성보안시스템(주),094078,2022/12,UQ
화성봉담피에프브이(주),054347,2012/12,UQ
화성산업(주),089168,2018/12,NA
화성산업(주),089168,2019/12,QS
화성산업(주),089168,2020/12,QS
화성산업(주),089168,2021/12,QS
화성상용서비스(주),082645,2016/12,NA
화성상용서비스(주),082645,2017/12,UQ
화성실업주식회사,045778,2012/12,UQ
화성실업주식회사,045778,2013/12,UQ
화성실업주식회사,045778,2014/12,UQ
화성실업주식회사,045778,2015/12,UQ
화성실업주식회사,045778,2016/12,UQ
화성에이앤티(주),069906,2013/12,NA
화성에이앤티(주),069906,2014/12,QS
화성에이앤티(주),069906,2015/12,UQ
화성에이앤티(주),069906,2016/12,UQ
화성에이앤티(주),069906,2017/12,UQ
화성에이앤티(주),069906,2018/12,UQ
화성에이앤티(주),069906,2019/12,UQ
화성에이앤티(주),069906,2020/12,UQ
화성에이앤티(주),069906,2021/12,UQ
화성에이앤티(주),069906,2022/12,UQ
화성에코텍(주),088662,2018/12,NA
화성에코텍(주),088662,2019/12,UQ
화성에코텍(주),088662,2020/12,UQ
화성에코텍(주),088662,2021/12,UQ
화성에코텍(주),088662,2022/12,UQ
화성엔바이로(주),043141,2012/12,UQ
화성엔바이로(주),043141,2013/12,UQ
화성엔바이로(주),043141,2014/12,UQ
화성엔바이로(주),043141,2015/12,UQ
화성엔바이로(주),043141,2016/12,UQ
화성엔바이로(주),043141,2017/12,UQ
화성엔바이로(주),043141,2018/12,UQ
화성엔바이로(주),043141,2019/12,UQ
화성엔지니어링(주),043647,2012/12,UQ
화성엔지니어링(주),063748,2012/12,UQ
화성엔지니어링(주),043647,2013/12,UQ
화성엔지니어링(주),043647,2014/12,UQ
화성엔지니어링(주),063748,2015/12,UQ
화성엔지니어링(주),043647,2015/12,UQ
화성엔지니어링(주),043647,2016/12,UQ
화성엔지니어링(주),063748,2016/12,UQ
화성엔지니어링(주),043647,2017/12,UQ
화성엔지니어링(주),063748,2017/12,UQ
화성엔지니어링(주),043647,2018/12,UQ
화성엔지니어링(주),063748,2018/12,UQ
화성엔지니어링(주),043647,2019/12,UQ
화성엔지니어링(주),063748,2019/12,UQ
화성엔지니어링(주),063748,2020/12,UQ
화성엔지니어링(주),043647,2020/12,UQ
화성엔지니어링(주),063748,2021/12,UQ
화성엔지니어링(주),043647,2021/12,UQ
화성엔지니어링(주),063748,2022/12,UQ
화성엔지니어링(주),043647,2022/12,UQ
화성엠텍(주),045736,2012/12,UQ
화성엠텍(주),045736,2013/12,UQ
화성엠텍(주),045736,2014/12,UQ
화성엠텍(주),045736,2015/12,UQ
화성엠텍(주),045736,2016/12,UQ
화성엠텍(주),045736,2017/12,UQ
화성엠텍(주),045736,2018/12,UQ
화성엠텍(주),045736,2019/12,UQ
화성엠텍(주),045736,2020/12,UQ
화성엠텍(주),045736,2021/12,UQ
화성엠텍(주),045736,2022/12,UQ
화성정남일반산업단지주식회사,078965,2015/12,NA
화성정남일반산업단지주식회사,078965,2016/12,UQ
화성정남일반산업단지주식회사,078965,2017/12,UQ
화성정남일반산업단지주식회사,078965,2018/12,UQ
화성정남일반산업단지주식회사,078965,2019/12,UQ
화성정남일반산업단지주식회사,078965,2020/12,UQ
화성정남일반산업단지주식회사,078965,2021/12,UQ
화성정남일반산업단지주식회사,078965,2022/12,UQ
화성정밀(주),046506,2012/12,UQ
화성정밀(주),046506,2013/12,UQ
화성정밀주식회사,062299,2012/12,UQ
화성정밀주식회사,062299,2013/12,UQ
화성정밀주식회사,062299,2014/12,UQ
화성정밀주식회사,062299,2015/12,UQ
화성정밀주식회사,062299,2016/12,UQ
화성정밀주식회사,062299,2017/12,UQ
화성정밀주식회사,062299,2018/12,UQ
화성정밀주식회사,062299,2019/12,UQ
화성종합건설주식회사,047142,2012/12,UQ
화성종합건설주식회사,047142,2013/12,UQ
화성종합건설주식회사,047142,2014/12,UQ
화성종합건설주식회사,047142,2015/12,UQ
화성종합건설주식회사,047142,2016/12,UQ
화성종합건설주식회사,047142,2017/12,UQ
화성종합건설주식회사,047142,2018/12,UQ
화성종합건설주식회사,047142,2019/12,UQ
화성종합건설주식회사,047142,2020/12,UQ
화성종합건설주식회사,047142,2021/12,UQ
화성종합건설주식회사,047142,2022/12,UQ
화성지엔아이(주),059447,2012/12,UQ
화성지엔아이(주),059447,2013/12,UQ
화성지엔아이(주),059447,2014/12,UQ
화성지엔아이(주),059447,2015/12,NA
화성지엔아이(주),059447,2016/12,QS
화성지엔아이(주),059447,2017/12,UQ
화성지엔아이(주),059447,2018/12,UQ
화성지엔아이(주),059447,2019/12,UQ
화성지엔아이(주),059447,2020/12,UQ
화성지엔아이(주),059447,2021/12,UQ
화성지엔아이(주),059447,2022/12,UQ
화성코스메틱주식회사,076098,2015/12,NA
화성코스메틱주식회사,076098,2016/12,QS
화성코스메틱주식회사,076098,2017/12,UQ
화성코스메틱주식회사,076098,2018/12,UQ
화성코스메틱주식회사,076098,2019/12,UQ
화성코스메틱주식회사,076098,2020/12,UQ
화성코스메틱주식회사,076098,2021/12,UQ
화성코스메틱주식회사,076098,2022/12,UQ
화성코아텍주식회사,105615,2022/12,UQ
화성콜드체인주식회사,100097,2020/12,NA
화성콜드체인주식회사,100097,2021/12,UQ
화성콜드체인주식회사,100097,2022/12,UQ
화성토건(주),063974,2012/12,UQ
화성피앤지주식회사,044273,2012/12,NA
화성피앤지주식회사,044273,2013/12,QS
화성피앤지주식회사,044273,2014/12,UQ
화성피앤지주식회사,044273,2015/12,UQ
화성피앤지주식회사,044273,2016/12,UQ
화성피앤지주식회사,044273,2017/12,UQ
화성피앤지주식회사,044273,2018/12,UQ
화성피앤지주식회사,044273,2019/12,UQ
화성피앤지주식회사,044273,2020/12,UQ
화성피앤지주식회사,044273,2021/12,UQ
화성피앤지주식회사,044273,2022/12,UQ
화성학교사랑(주),053809,2012/12,UQ
화성학교사랑(주),053809,2013/12,UQ
화성학교사랑(주),053809,2014/12,UQ
화성학교사랑(주),053809,2015/12,UQ
화성학교사랑(주),053809,2016/12,UQ
화성학교사랑(주),053809,2017/12,UQ
화성학교사랑(주),053809,2018/12,UQ
화성학교사랑(주),053809,2019/12,UQ
화성학교사랑(주),053809,2020/12,UQ
화성학교사랑(주),053809,2021/12,UQ
화성학교사랑(주),053809,2022/12,UQ
화성희망학교사랑주식회사,052740,2012/12,UQ
화성희망학교사랑주식회사,052740,2013/12,UQ
화성희망학교사랑주식회사,052740,2014/12,UQ
화성희망학교사랑주식회사,052740,2015/12,UQ
화성희망학교사랑주식회사,052740,2016/12,UQ
화성희망학교사랑주식회사,052740,2017/12,UQ
화성희망학교사랑주식회사,052740,2018/12,UQ
화성희망학교사랑주식회사,052740,2019/12,UQ
화성희망학교사랑주식회사,052740,2020/12,UQ
화성희망학교사랑주식회사,052740,2021/12,UQ
화순대광주택주식회사,064630,2012/12,UQ
화순대광주택주식회사,064630,2013/12,UQ
화순대광주택주식회사,064630,2014/12,UQ
화순대광주택주식회사,064630,2015/12,UQ
화순웰빙케어(주),063790,2012/12,UQ
화순웰빙케어(주),063790,2013/12,UQ
화순웰빙케어(주),063790,2014/12,UQ
화순웰빙케어(주),063790,2015/12,UQ
화순웰빙케어(주),063790,2016/12,UQ
화순웰빙케어(주),063790,2017/12,UQ
화순웰빙케어(주),063790,2018/12,UQ
화순웰빙케어(주),063790,2019/12,UQ
화순컨트리클럽,026456,2012/12,UQ
화순컨트리클럽,026456,2013/12,UQ
화순컨트리클럽,026456,2014/12,UQ
화순컨트리클럽,026456,2015/12,UQ
화순컨트리클럽,026456,2016/12,UQ
화순컨트리클럽,026456,2017/12,UQ
화순컨트리클럽,026456,2018/12,UQ
화순컨트리클럽,026456,2019/12,UQ
화순컨트리클럽,026456,2020/12,UQ
화순컨트리클럽,026456,2021/12,UQ
화순컨트리클럽,026456,2022/12,UQ
화승토건(주),094461,2019/12,NA
화승토건(주),094461,2020/12,UQ
화승토건(주),094461,2021/12,UQ
화승토건(주),094461,2022/12,UQ
화신강업(주),058880,2012/12,UQ
화신강업(주),058880,2013/12,UQ
화신강업(주),058880,2014/12,UQ
화신강업(주),058880,2015/12,UQ
화신강업(주),058880,2016/12,UQ
화신강업(주),058880,2017/12,UQ
화신강업(주),058880,2018/12,DU
화신공업주식회사,041311,2012/12,UQ
화신공업주식회사,041311,2013/12,UQ
화신공업주식회사,041311,2014/12,UQ
화신공업주식회사,041311,2015/12,UQ
화신공업주식회사,041311,2016/12,UQ
화신공업주식회사,041311,2017/12,UQ
화신공업주식회사,041311,2018/12,UQ
화신공업주식회사,041311,2019/12,UQ
화신공업주식회사,041311,2020/12,UQ
화신공업주식회사,041311,2021/12,UQ
화신공업주식회사,041311,2022/12,UQ
화신노블레스주식회사,082528,2016/12,NA
화신노블레스주식회사,082528,2017/12,UQ
화신노블레스주식회사,082528,2018/12,UQ
화신노블레스주식회사,082528,2019/12,UQ
화신디앤씨주식회사,081656,2016/12,NA
화신디앤씨주식회사,081656,2017/12,UQ
화신디앤씨주식회사,081656,2018/12,UQ
화신디앤씨주식회사,081656,2019/12,DS
화신목재(주),050027,2012/12,UQ
화신목재(주),050027,2013/12,UQ
화신목재(주),050027,2014/12,UQ
화신목재(주),050027,2015/12,UQ
화신목재(주),050027,2016/12,UQ
화신목재(주),050027,2017/12,UQ
화신목재(주),050027,2018/12,UQ
화신목재(주),050027,2019/12,UQ
화신목재(주),050027,2020/12,UQ
화신목재(주),050027,2021/12,UQ
화신목재(주),050027,2022/12,UQ
화신문화(주),095625,2019/12,NA
화신문화(주),095625,2020/12,QS
화신여객(주),094260,2019/12,NA
화신여객(주),094260,2020/12,UQ
화신여객(주),094260,2021/12,UQ
화신여객(주),094260,2022/12,UQ
화신자원주식회사,073705,2014/12,NA
화신자원주식회사,073705,2015/12,QS
화신자원주식회사,073705,2021/12,NA
화신자원주식회사,073705,2022/12,QS
화신주방산업(주),103853,2021/12,NA
화신주방산업(주),103853,2022/12,UQ
화신테크노주식회사,081659,2016/12,NA
화신테크노주식회사,081659,2017/12,UQ
화신테크노주식회사,081659,2018/12,UQ
화신테크노주식회사,081659,2019/12,UQ
화신특수섬유휠타(주),046902,2012/12,UQ
화신특수섬유휠타(주),046902,2013/12,UQ
화신특수섬유휠타(주),046902,2014/12,UQ
화신특수섬유휠타(주),046902,2015/12,UQ
화신특수섬유휠타(주),046902,2016/12,UQ
화신특수섬유휠타(주),046902,2017/12,UQ
화신특수섬유휠타(주),046902,2018/12,UQ
화신특수섬유휠타(주),046902,2021/12,NA
화신특수섬유휠타(주),046902,2022/12,QS
화신피엠씨주식회사,082542,2016/12,NA
화신피엠씨주식회사,082542,2017/12,UQ
화신피엠씨주식회사,082542,2018/12,UQ
화신피엠씨주식회사,082542,2019/12,UQ
화신해운항공(주),106761,2021/12,NA
화신해운항공(주),106761,2022/12,UQ
화신홀딩스주식회사,082384,2016/12,NA
화신홀딩스주식회사,082384,2017/12,UQ
화신홀딩스주식회사,082384,2018/12,UQ
화신홀딩스주식회사,082384,2019/12,UQ
화안산업주식회사,081923,2016/12,NA
화안산업주식회사,081923,2017/12,UQ
화양산업(주),043506,2012/12,UQ
화양산업(주),043506,2013/12,UQ
화양산업(주),043506,2014/12,UQ
화양산업(주),043506,2015/12,UQ
화양산업(주),043506,2016/12,UQ
화양산업(주),043506,2017/12,UQ
화양산업(주),043506,2018/12,UQ
화양산업(주),043506,2019/12,UQ
화양산업(주),043506,2020/12,UQ
화양산업(주),043506,2021/12,UQ
화양산업(주),043506,2022/12,UQ
화엄토건(주),020475,2012/12,UQ
화엄토건(주),020475,2013/12,UQ
화엄토건(주),020475,2014/12,UQ
화엄토건(주),020475,2015/12,UQ
화엄토건(주),020475,2016/12,UQ
화엄토건(주),020475,2017/12,UQ
화엄토건(주),020475,2018/12,UQ
화엄토건(주),020475,2019/12,UQ
화엄토건(주),020475,2020/12,UQ
화엄토건(주),020475,2021/12,UQ
화엄토건(주),020475,2022/12,UQ
화영운수주식회사,048016,2012/12,UQ
화영운수주식회사,048016,2013/12,UQ
화영운수주식회사,048016,2014/12,UQ
화영운수주식회사,048016,2015/12,UQ
화영운수주식회사,048016,2016/12,UQ
화영운수주식회사,048016,2017/12,UQ
화영운수주식회사,048016,2018/12,UQ
화영운수주식회사,048016,2019/12,UQ
화영운수주식회사,048016,2020/12,UQ
화영운수주식회사,048016,2021/12,UQ
화영운수주식회사,048016,2022/12,UQ
화영종합물산(주),080353,2016/12,NA
화영종합물산(주),080353,2017/12,QS
화영종합물산(주),080353,2018/12,UQ
화영종합물산(주),080353,2019/12,UQ
화영종합물산(주),080353,2020/12,UQ
화영종합물산(주),080353,2021/12,UQ
화영종합물산(주),080353,2022/12,UQ
화우디앤씨주식회사,096851,2019/12,NA
화우디앤씨주식회사,096851,2020/12,UQ
화우디앤씨주식회사,096851,2021/12,UQ
화우디앤씨주식회사,096851,2022/12,UQ
화원산업(주),064656,2012/12,UQ
화원산업(주),064656,2013/12,UQ
화원산업(주),064656,2014/12,UQ
화원산업(주),064656,2015/12,UQ
화원산업(주),064656,2016/12,UQ
화원산업(주),064656,2017/12,UQ
화원산업(주),064656,2018/12,UQ
화원산업(주),064656,2019/12,UQ
화원산업(주),064656,2020/12,UQ
화원산업(주),064656,2021/12,UQ
화원산업(주),064656,2022/12,UQ
화원신소재주식회사,069563,2013/12,NA
화원신소재주식회사,069563,2014/12,UQ
화이날건설(주),061260,2012/12,UQ
화이날건설(주),061260,2013/12,UQ
화이날건설(주),061260,2014/12,UQ
화이날건설(주),061260,2015/12,UQ
화이날건설(주),061260,2016/12,UQ
화이날건설(주),061260,2017/12,UQ
화이날건설(주),061260,2018/12,UQ
화이날건설(주),061260,2019/12,UQ
화이날건설(주),061260,2020/12,UQ
화이날건설(주),061260,2021/12,UQ
화이날건설(주),061260,2022/12,UQ
화이버텍(주),010871,2012/12,UQ
화이버텍(주),010871,2013/12,UQ
화이버텍(주),010871,2014/12,UQ
화이버텍(주),010871,2015/12,UQ
화이버텍(주),010871,2019/12,NA
화이버텍(주),010871,2020/12,UQ
화이버텍(주),010871,2021/12,UQ
화이버텍(주),010871,2022/12,UQ
화이브엠텍,077944,2015/12,NA
화이브엠텍,077944,2016/12,DU
화이브엠텍,077944,2017/12,QS
화이브엠텍,077944,2018/12,DU
화이트글로벌주식회사,102674,2021/12,NA
화이트글로벌주식회사,102674,2022/12,UQ
화이트산업주식회사,051260,2012/12,QS
화이트산업주식회사,051260,2013/12,UQ
화이트산업주식회사,051260,2014/12,UQ
화이트산업주식회사,051260,2015/12,UQ
화이트산업주식회사,051260,2016/12,UQ
화이트산업주식회사,051260,2017/12,UQ
화이트산업주식회사,051260,2018/12,UQ
화이트산업주식회사,051260,2019/12,UQ
화이트산업주식회사,051260,2020/12,UQ
화이트산업주식회사,051260,2021/12,UQ
화이트산업주식회사,051260,2022/12,UQ
화이트코리아(주),020476,2012/12,UQ
화이트코리아(주),020476,2013/12,UQ
화이트코리아(주),020476,2014/12,UQ
화이트코리아(주),020476,2015/12,UQ
화이트코리아(주),020476,2016/12,UQ
화이트코리아(주),020476,2017/12,UQ
화이트코리아(주),020476,2018/12,UQ
화이트코리아(주),020476,2019/12,UQ
화이트코리아(주),020476,2020/12,UQ
화이트코리아(주),020476,2021/12,UQ
화이트코리아(주),020476,2022/12,UQ
화이트코리아산업(주),077409,2015/12,NA
화이트코리아산업(주),077409,2016/12,UQ
화이트코리아산업(주),077409,2017/12,UQ
화이트코리아산업(주),077409,2018/12,UQ
화이트코리아산업(주),077409,2019/12,UQ
화이트코리아산업(주),077409,2020/12,UQ
화이트코리아산업(주),077409,2021/12,UQ
화이트코리아산업(주),077409,2022/12,UQ
화이트팜주식회사,084617,2017/12,NA
화이트팜주식회사,084617,2018/12,UQ
화이트팜주식회사,084617,2019/12,UQ
화이트팜주식회사,084617,2020/12,UQ
화이트팜주식회사,084617,2021/12,UQ
화이트팜주식회사,084617,2022/12,UQ
화이트홀인베스트먼트주식회사,092272,2018/12,NA
화이트홀인베스트먼트주식회사,092272,2019/12,UQ
화인디피아(주),056484,2012/12,UQ
화인디피아(주),056484,2013/12,DU
화인디피아(주),056484,2014/12,DU
화인디피아(주),056484,2015/12,DU
화인디피아(주),056484,2016/12,DU
화인디피아(주),056484,2017/12,DU
화인산업(주),065109,2012/12,QS
화인산업(주),040840,2012/12,UQ
화인산업(주),065109,2013/12,UQ
화인산업(주),040840,2013/12,UQ
화인산업(주),040840,2014/12,UQ
화인산업(주),065109,2014/12,UQ
화인산업(주),040840,2015/12,UQ
화인산업(주),065109,2015/12,UQ
화인산업(주),065109,2016/12,UQ
화인산업(주),040840,2016/12,UQ
화인산업(주),065109,2017/12,UQ
화인산업(주),040840,2017/12,UQ
화인산업(주),065109,2018/12,UQ
화인산업(주),040840,2018/12,UQ
화인산업(주),040840,2019/12,UQ
화인산업(주),065109,2019/12,UQ
화인산업(주),040840,2020/12,UQ
화인산업(주),065109,2020/12,UQ
화인산업(주),065109,2021/12,UQ
화인산업(주),040840,2021/12,UQ
화인산업(주),065109,2022/12,UQ
화인산업(주),040840,2022/12,UQ
화인산업주식회사,070464,2013/12,NA
화인산업주식회사,070464,2014/12,UQ
화인산업주식회사,070464,2017/12,UQ
화인산업주식회사,070464,2018/12,UQ
화인산업주식회사,070464,2019/12,UQ
화인엔지니어링주식회사,085692,2017/12,NA
화인엔지니어링주식회사,085692,2018/12,UQ
화인엔지니어링주식회사,085692,2019/12,UQ
화인엔지니어링주식회사,085692,2020/12,UQ
화인엔지니어링주식회사,085692,2021/12,UQ
화인엔지니어링주식회사,085692,2022/12,UQ
화인유통(주),056471,2012/12,UQ
화인유통(주),056471,2013/12,UQ
화인유통(주),056471,2014/12,UQ
화인유통(주),056471,2015/12,UQ
화인유통(주),056471,2016/12,UQ
화인유통(주),056471,2017/12,UQ
화인유통(주),056471,2018/12,UQ
화인유통(주),056471,2019/12,UQ
화인유통(주),056471,2020/12,UQ
화인유통(주),056471,2021/12,UQ
화인유통(주),056471,2022/12,UQ
화인종합건설(주),087002,2017/12,NA
화인종합건설(주),087002,2018/12,UQ
화인종합건설(주),087002,2019/12,UQ
화인종합건설(주),087002,2020/12,UQ
화인종합건설(주),087002,2021/12,DS
화인종합건설(주),087002,2022/12,DS
화인주택개발(주),085959,2017/12,NA
화인주택개발(주),085959,2018/12,QS
화인주택개발(주),085959,2019/12,UQ
화인주택개발(주),085959,2021/12,NA
화인주택개발(주),085959,2022/12,QS
화인케미칼(주),058857,2012/12,UQ
화인케미칼(주),058857,2013/12,UQ
화인케미칼(주),058857,2014/12,UQ
화인케미칼(주),058857,2015/12,UQ
화인케미칼(주),058857,2016/12,UQ
화인케미칼(주),058857,2017/12,UQ
화인케미칼(주),058857,2018/12,UQ
화인케미칼(주),058857,2019/12,UQ
화인케미칼(주),058857,2020/12,UQ
화인케미칼(주),098875,2020/12,NA
화인케미칼(주),098875,2021/12,QS
화인케미칼(주),058857,2021/12,UQ
화인케미칼(주),098875,2022/12,UQ
화인케미칼(주),058857,2022/12,UQ
화인특수지주식회사,061977,2012/12,UQ
화인페이퍼(주),044323,2012/12,UQ
화인페이퍼(주),044323,2013/12,UQ
화인페이퍼(주),044323,2014/12,UQ
화인페이퍼(주),044323,2015/12,UQ
화인페이퍼(주),044323,2016/12,UQ
화인페이퍼(주),044323,2017/12,UQ
화인페이퍼(주),044323,2018/12,UQ
화인페이퍼(주),044323,2019/12,UQ
화인페이퍼(주),044323,2020/12,UQ
화인페이퍼(주),044323,2021/12,UQ
화인페이퍼(주),044323,2022/12,UQ
화인폴리머주식회사,039350,2012/12,UQ
화인폴리머주식회사,039350,2013/12,UQ
화인폴리머주식회사,039350,2014/12,UQ
화인폴리머주식회사,039350,2015/12,UQ
화인폴리머주식회사,039350,2016/12,UQ
화인폴리머주식회사,039350,2017/12,UQ
화인폴리머주식회사,039350,2018/12,UQ
화인폴리머주식회사,039350,2019/12,UQ
화인폴리머주식회사,039350,2020/12,UQ
화인폴리머주식회사,039350,2021/12,UQ
화인폴리머주식회사,039350,2022/12,UQ
화인화학(주),020484,2012/12,UQ
화인화학(주),020484,2013/12,UQ
화인화학(주),020484,2014/12,UQ
화인화학(주),020484,2015/12,UQ
화인화학(주),020484,2016/12,UQ
화인화학(주),020484,2017/12,UQ
화인화학(주),020484,2018/12,UQ
화인화학(주),020484,2019/12,UQ
화인화학(주),020484,2020/12,UQ
화인화학(주),020484,2021/12,UQ
화인화학(주),020484,2022/12,UQ
화일산기(주),094515,2019/12,NA
화일산기(주),094515,2020/12,UQ
화일산기(주),094515,2021/12,UQ
화일산기(주),094515,2022/12,UQ
화일실업(주),050371,2012/12,UQ
화일실업(주),050371,2013/12,UQ
화일실업(주),050371,2014/12,UQ
화일실업(주),050371,2015/12,UQ
화일실업(주),050371,2016/12,UQ
화일실업(주),050371,2017/12,UQ
화일실업(주),050371,2018/12,UQ
화일실업(주),050371,2019/12,UQ
화일실업(주),050371,2020/12,UQ
화일실업(주),050371,2021/12,UQ
화일실업(주),050371,2022/12,UQ
화주금속(주),058694,2012/12,UQ
화주금속(주),058694,2015/12,UQ
화주금속(주),058694,2016/12,QU
화주종합건설(주),093826,2019/12,NA
화주종합건설(주),093826,2020/12,UQ
화주종합건설(주),093826,2021/12,UQ
화진철강(주),063475,2012/12,UQ
화진철강(주),063475,2013/12,UQ
화진철강(주),063475,2014/12,UQ
화진철강(주),063475,2015/12,UQ
화창기공(주),041869,2021/12,NA
화창기공(주),041869,2022/12,UQ
화창상사,043999,2012/12,UQ
화창상사,043999,2013/12,UQ
화창상사,043999,2014/12,UQ
화창상사,043999,2015/12,UQ
화창상사,043999,2016/12,UQ
화창상사,043999,2017/12,UQ
화창상사,043999,2018/12,UQ
화창상사,043999,2019/12,UQ
화창상사,043999,2020/12,UQ
화창상사,043999,2021/12,UQ
화창상사,043999,2022/12,UQ
화창토산(주),081232,2017/12,UQ
화창토산(주),081232,2018/12,UQ
화창토산(주),081232,2019/12,UQ
화창토산(주),081232,2020/12,UQ
화창토산(주),081232,2021/12,UQ
화창토산(주),081232,2022/12,UQ
화천강군주식회사,064071,2012/12,UQ
화천강군주식회사,064071,2013/12,UQ
화천강군주식회사,064071,2014/12,UQ
화천강군주식회사,064071,2015/12,UQ
화천강군주식회사,064071,2016/12,UQ
화천강군주식회사,064071,2017/12,UQ
화천강군주식회사,064071,2018/12,UQ
화천강군주식회사,064071,2019/12,UQ
화천강군주식회사,064071,2020/12,UQ
화천강군주식회사,064071,2021/12,UQ
화천강군주식회사,064071,2022/12,UQ
화천병영사랑주식회사,061459,2012/12,UQ
화천병영사랑주식회사,061459,2013/12,UQ
화천병영사랑주식회사,061459,2014/12,UQ
화천병영사랑주식회사,061459,2015/12,UQ
화천병영사랑주식회사,061459,2016/12,UQ
화천병영사랑주식회사,061459,2017/12,UQ
화천병영사랑주식회사,061459,2018/12,UQ
화천병영사랑주식회사,061459,2019/12,UQ
화천병영사랑주식회사,061459,2020/12,UQ
화천병영사랑주식회사,061459,2021/12,UQ
화천병영사랑주식회사,061459,2022/12,UQ
화천양구지킴이주식회사,063966,2012/12,UQ
화천양구지킴이주식회사,063966,2013/12,UQ
화천양구지킴이주식회사,063966,2014/12,UQ
화천양구지킴이주식회사,063966,2015/12,UQ
화천양구지킴이주식회사,063966,2016/12,UQ
화천양구지킴이주식회사,063966,2017/12,UQ
화천양구지킴이주식회사,063966,2018/12,UQ
화천양구지킴이주식회사,063966,2019/12,UQ
화천양구지킴이주식회사,063966,2020/12,UQ
화천양구지킴이주식회사,063966,2021/12,UQ
화천양구지킴이주식회사,063966,2022/12,UQ
화코스텍인터내셔널주식회사,105292,2021/12,NA
화코스텍인터내셔널주식회사,105292,2022/12,QS
화코스텍주식회사,090673,2018/12,NA
화코스텍주식회사,090673,2019/12,QS
화코스텍주식회사,090673,2020/12,UQ
화코스텍주식회사,090673,2021/12,UQ
화현개발주식회사,056458,2012/12,QG
화현개발주식회사,056458,2013/12,UQ
화현개발주식회사,056458,2014/12,UQ
화현개발주식회사,056458,2015/12,UQ
화현개발주식회사,056458,2016/12,UQ
화현개발주식회사,056458,2017/12,UQ
화현개발주식회사,056458,2018/12,UQ
화현개발주식회사,056458,2019/12,UQ
화현개발주식회사,056458,2020/12,UQ
화현개발주식회사,056458,2021/12,UQ
환경관리주식회사,027973,2012/12,UQ
환경관리주식회사,027973,2013/12,UQ
환경관리주식회사,027973,2014/12,UQ
환경관리주식회사,027973,2015/12,UQ
환경관리주식회사,027973,2016/12,UQ
환경관리주식회사,027973,2017/12,UQ
환경관리주식회사,027973,2018/12,UQ
환경관리주식회사,027973,2019/12,UQ
환경기계공업(주),061242,2012/12,UQ
환경시설관리주식회사,084847,2018/12,UQ
환경시설관리주식회사,084847,2019/12,UQ
환경시설관리주식회사,084847,2020/12,UQ
환경시설관리주식회사,084847,2021/12,UQ
환경시설관리주식회사,084847,2022/12,UQ
환경에너지솔루션주식회사,029640,2012/12,UQ
환경에너지솔루션주식회사,029640,2013/12,UQ
환경에너지솔루션주식회사,029640,2014/12,UQ
환경에너지솔루션주식회사,029640,2015/12,UQ
환경에너지솔루션주식회사,029640,2016/12,UQ
환경에너지솔루션주식회사,029640,2017/12,UQ
환경에너지솔루션주식회사,029640,2018/12,UQ
환경에너지솔루션주식회사,029640,2019/12,UQ
환경에너지솔루션주식회사,029640,2020/12,UQ
환경에너지솔루션주식회사,029640,2021/12,UQ
환경에너지솔루션주식회사,029640,2022/12,UQ
환경에너지주식회사,085542,2018/12,UQ
환경에너지주식회사,085542,2019/12,UQ
환경에너지주식회사,085542,2020/12,UQ
환경이엔지주식회사,020491,2012/12,UQ
환경이엔지주식회사,020491,2013/12,UQ
환경이엔지주식회사,020491,2014/12,UQ
환경이엔지주식회사,020491,2015/12,UQ
환경이엔지주식회사,020491,2016/12,UQ
환경이엔지주식회사,020491,2017/12,UQ
환경이엔지주식회사,020491,2018/12,UQ
환경이엔지주식회사,020491,2019/12,UQ
환경이엔지주식회사,020491,2020/12,UQ
환경이엔지주식회사,020491,2021/12,UQ
환경이엔지주식회사,020491,2022/12,UQ
환영철강공업(주),028850,2012/12,UQ
환영철강공업(주),028850,2013/12,UQ
환영철강공업(주),028850,2014/12,UQ
환영철강공업(주),028850,2015/12,UQ
환영철강공업(주),028850,2016/12,UQ
환영철강공업(주),028850,2017/12,UQ
환영철강공업(주),028850,2018/12,UQ
환영철강공업(주),028850,2019/12,UQ
환영철강공업(주),028850,2020/12,UQ
환영철강공업(주),028850,2021/12,UQ
환영철강공업(주),028850,2022/12,UQ
환화실업주식회사,045515,2016/12,UQ
환화실업주식회사,045515,2017/12,UQ
환화실업주식회사,045515,2018/12,UQ
환화실업주식회사,045515,2019/12,UQ
환희개발(주),070581,2013/12,NA
환희개발(주),070581,2014/12,QS
환희개발(주),070581,2020/12,NA
환희개발(주),070581,2021/12,UQ
활림건설주식회사,045767,2012/12,UQ
활림건설주식회사,045767,2013/12,UQ
활림건설주식회사,045767,2014/12,UQ
활림건설주식회사,045767,2015/12,UQ
활림건설주식회사,045767,2016/12,UQ
활림건설주식회사,045767,2017/12,UQ
활림건설주식회사,045767,2018/12,UQ
활림건설주식회사,045767,2019/12,UQ
활림건설주식회사,045767,2020/12,UQ
활림건설주식회사,045767,2021/12,UQ
활림건설주식회사,045767,2022/12,UQ
활짝필희망교육주식회사,053207,2012/12,UQ
활짝필희망교육주식회사,053207,2013/12,UQ
활짝필희망교육주식회사,053207,2014/12,UQ
활짝필희망교육주식회사,053207,2015/12,UQ
활짝필희망교육주식회사,053207,2016/12,UQ
활짝필희망교육주식회사,053207,2017/12,UQ
활짝필희망교육주식회사,053207,2018/12,UQ
활짝필희망교육주식회사,053207,2019/12,UQ
활짝필희망교육주식회사,053207,2020/12,UQ
활짝필희망교육주식회사,053207,2021/12,UQ
활짝필희망교육주식회사,053207,2022/12,UQ
황간물류단지주식회사,069256,2013/12,NA
황간물류단지주식회사,069256,2014/12,UQ
황간물류단지주식회사,069256,2015/12,UQ
황금산업개발주식회사,083424,2016/12,NA
황금산업개발주식회사,083424,2017/12,UQ
황금산업개발주식회사,083424,2018/12,UQ
황금산업개발주식회사,083424,2019/12,UQ
황금산업개발주식회사,083424,2020/12,UQ
황금산업개발주식회사,083424,2021/12,UQ
황길신도시필유(주),074333,2014/12,NA
황길신도시필유(주),074333,2015/12,DS
황동산업(주),048935,2012/12,UQ
황동산업(주),048935,2013/12,UQ
황동산업(주),048935,2014/12,UQ
황동산업(주),048935,2015/12,UQ
황동산업(주),048935,2016/12,UQ
황동산업(주),048935,2017/12,UQ
황동산업(주),048935,2018/12,UQ
황동산업(주),048935,2019/12,UQ
황동산업(주),048935,2020/12,UQ
황동산업(주),048935,2021/12,UQ
황보건설(주),095848,2019/12,NA
황보건설(주),095848,2020/12,QS
황보건설(주),095848,2021/12,NA
황보건설(주),095848,2022/12,AG
황산프라자주식회사,088041,2017/12,NA
황산프라자주식회사,088041,2018/12,UQ
황산프라자주식회사,088041,2019/12,UQ
황산프라자주식회사,088041,2020/12,UQ
황산프라자주식회사,088041,2021/12,UQ
황산프라자주식회사,088041,2022/12,UQ
황조건설주식회사,046982,2012/12,UQ
회명농산주식회사,073025,2015/12,UQ
회명농산주식회사,073025,2016/12,UQ
회명산업(주),020494,2012/12,UQ
회명산업(주),020494,2013/12,UQ
회명산업(주),020494,2014/12,UQ
회명산업(주),020494,2015/12,UQ
회명산업(주),020494,2016/12,UQ
회명산업(주),020494,2017/12,UQ
회명산업(주),020494,2018/12,UQ
회명산업(주),020494,2019/12,UQ
회명산업(주),020494,2020/12,UQ
회명산업(주),020494,2021/12,UQ
회명산업(주),020494,2022/12,UQ
회명세미크린(주),042926,2012/12,UQ
회명세미크린(주),042926,2013/12,UQ
회명세미크린(주),042926,2014/12,UQ
회명세미크린(주),042926,2015/12,UQ
회명세미크린(주),042926,2016/12,UQ
회명세미크린(주),042926,2017/12,UQ
회명세미크린(주),042926,2018/12,UQ
회명옵틱스(주),040518,2012/12,UQ
회명옵틱스(주),040518,2013/12,NA
회명옵틱스(주),040518,2014/12,UQ
회명옵틱스(주),040518,2018/12,UQ
회명워터젠(주),096098,2019/12,NA
회명워터젠(주),096098,2020/12,UQ
회명워터젠(주),096098,2021/12,UQ
회명워터젠(주),096098,2022/12,UQ
회명정보통신주식회사,057782,2013/09,UQ
회명정보통신주식회사,057782,2014/09,UQ
회명정보통신주식회사,057782,2015/09,UQ
회명정보통신주식회사,057782,2016/09,UQ
회명정보통신주식회사,057782,2017/12,UQ
회명정보통신주식회사,057782,2018/12,UQ
회명정보통신주식회사,057782,2019/12,UQ
회명홀딩스주식회사,073029,2015/12,UQ
회명홀딩스주식회사,073029,2016/12,UQ
회명홀딩스주식회사,073029,2017/12,UQ
회명홀딩스주식회사,073029,2018/12,UQ
회명홀딩스주식회사,073029,2019/12,UQ
회명홀딩스주식회사,073029,2020/12,UQ
회명홀딩스주식회사,073029,2021/12,UQ
회명홀딩스주식회사,073029,2022/12,UQ
회성푸르니주식회사,078775,2015/12,NA
회성푸르니주식회사,078775,2016/12,QS
회성푸르니주식회사,078775,2017/12,UQ
회현상사주식회사,070393,2013/12,NA
회현상사주식회사,070393,2014/12,UQ
효경라이프(주),091953,2018/12,NA
효경라이프(주),091953,2019/12,UQ
효동개발(주),027979,2012/12,UQ
효동개발(주),027979,2013/12,DU
효동개발(주),027979,2014/12,DU
효동개발(주),027979,2015/12,UQ
효동기계공업주식회사,020497,2012/12,UQ
효동기계공업주식회사,020497,2013/12,UQ
효동기계공업주식회사,020497,2014/12,UQ
효동기계공업주식회사,020497,2015/12,UQ
효동기계공업주식회사,020497,2016/12,UQ
효동기계공업주식회사,020497,2017/12,UQ
효동기계공업주식회사,020497,2018/12,UQ
효동기계공업주식회사,020497,2019/12,UQ
효동기계공업주식회사,020497,2020/12,UQ
효동기계공업주식회사,020497,2021/12,UQ
효동기계공업주식회사,020497,2022/12,UQ
효동선박주식회사,061902,2012/12,UQ
효동선박주식회사,061902,2019/12,NA
효동선박주식회사,061902,2020/12,UQ
효동선박주식회사,061902,2021/12,UQ
효동선박주식회사,061902,2022/12,UQ
효림기업주식회사,086173,2017/12,NA
효림기업주식회사,086173,2018/12,UQ
효림기업주식회사,086173,2019/12,UQ
효림기업주식회사,086173,2020/12,NA
효림기업주식회사,086173,2021/12,UQ
효림산업(주),020499,2012/12,UQ
효림산업(주),020499,2013/12,UQ
효림산업(주),020499,2014/12,UQ
효림산업(주),020499,2015/12,UQ
효림산업(주),020499,2016/12,UQ
효림산업(주),020499,2017/12,UQ
효림산업(주),020499,2018/12,UQ
효림산업(주),020499,2019/12,UQ
효림산업(주),020499,2020/12,UQ
효림산업(주),020499,2021/12,UQ
효림산업(주),020499,2022/12,UQ
효림산업주식회사,020500,2012/12,UQ
효림산업주식회사,020500,2013/12,UQ
효림산업주식회사,020500,2014/12,UQ
효림산업주식회사,020500,2015/12,UQ
효림산업주식회사,020500,2016/12,UQ
효림산업주식회사,020500,2017/12,UQ
효림산업주식회사,020500,2018/12,UQ
효림산업주식회사,020500,2019/12,UQ
효림산업주식회사,020500,2020/12,UQ
효림산업주식회사,020500,2021/12,UQ
효림산업주식회사,020500,2022/12,UQ
효림정공(주),041401,2012/12,UQ
효림정공(주),041401,2013/12,UQ
효림정공(주),041401,2014/12,UQ
효림정공(주),041401,2015/12,UQ
효림정공(주),041401,2016/12,UQ
효림정공(주),041401,2017/12,UQ
효림정공(주),041401,2018/12,UQ
효림정공(주),041401,2019/12,UQ
효림정공(주),041401,2020/12,UQ
효림정공(주),041401,2021/12,UQ
효림정공(주),041401,2022/12,UQ
효림종합건설(주),045777,2012/12,UQ
효림종합건설(주),045777,2013/12,UQ
효림종합건설(주),045777,2014/12,UQ
효림종합건설(주),045777,2015/12,UQ
효림종합건설(주),045777,2016/12,UQ
효림종합건설(주),045777,2017/12,UQ
효림종합건설(주),045777,2018/12,UQ
효림종합건설(주),045777,2019/12,UQ
효림종합건설(주),045777,2020/12,UQ
효림종합건설(주),045777,2021/12,UQ
효림종합건설(주),045777,2022/12,UQ
효마을종합건설주식회사,040327,2019/12,UQ
효민개발주식회사,086724,2017/12,NA
효민개발주식회사,086724,2018/12,UQ
효민개발주식회사,086724,2019/12,UQ
효민개발주식회사,086724,2020/12,UQ
효민개발주식회사,086724,2021/12,UQ
효민개발주식회사,086724,2022/12,DS
효봉물산(주),066531,2012/12,NA
효봉물산(주),066531,2013/12,UQ
효봉물산(주),066531,2014/12,UQ
효봉물산(주),066531,2015/12,UQ
효봉물산(주),066531,2016/12,UQ
효봉물산(주),066531,2017/12,UQ
효봉물산(주),066531,2018/12,UQ
효봉물산(주),066531,2019/12,UQ
효봉물산(주),066531,2020/12,UQ
효봉물산(주),066531,2021/12,UQ
효봉물산(주),066531,2022/12,UQ
효성건업(주),100461,2020/12,NA
효성건업(주),100461,2021/12,UQ
효성건업(주),100461,2022/12,UQ
효성굿스프링스(주),020509,2012/12,UQ
효성굿스프링스(주),020509,2013/12,UQ
효성굿스프링스(주),020509,2014/12,UQ
효성굿스프링스(주),020509,2015/12,UQ
효성굿스프링스(주),020509,2016/12,UQ
효성굿스프링스(주),020509,2017/12,UQ
효성굿스프링스(주),020509,2018/12,UQ
효성굿스프링스(주),020509,2019/12,UQ
효성굿스프링스(주),020509,2020/12,UQ
효성굿스프링스(주),020509,2021/12,UQ
효성굿스프링스(주),020509,2022/12,UQ
효성금속(주),069327,2013/12,NA
효성금속(주),069327,2014/12,QS
효성금속(주),069327,2015/12,UQ
효성금속(주),069327,2016/12,UQ
효성금속(주),069327,2017/12,UQ
효성금속(주),069327,2018/12,UQ
효성금속(주),069327,2019/12,UQ
효성금속(주),069327,2021/12,QS
효성금속주식회사,086930,2017/12,NA
효성금속주식회사,086930,2018/12,QS
효성금속주식회사,086930,2021/12,NA
효성금속주식회사,086930,2022/12,QS
효성기연산업(주),048852,2014/12,QS
효성기연산업(주),048852,2015/12,NA
효성기연산업(주),048852,2016/12,QS
효성도시개발(주),050421,2012/12,DS
효성도시개발(주),050421,2013/12,DU
효성도시개발(주),050421,2014/12,DU
효성도시개발(주),050421,2015/12,DU
효성도시개발(주),050421,2016/12,DU
효성도시개발(주),050421,2017/12,DU
효성도시개발(주),050421,2018/12,DU
효성도시개발(주),050421,2019/12,DU
효성도시개발(주),050421,2020/12,DS
효성도시개발(주),050421,2021/12,DU
효성산업주식회사,101213,2020/12,NA
효성산업주식회사,101213,2021/12,QS
효성산업주식회사,101213,2022/12,UQ
효성에프엠에스주식회사,048735,2012/12,UQ
효성에프엠에스주식회사,048735,2013/12,UQ
효성에프엠에스주식회사,048735,2014/12,UQ
효성에프엠에스주식회사,048735,2015/12,UQ
효성에프엠에스주식회사,048735,2016/12,UQ
효성에프엠에스주식회사,048735,2017/12,UQ
효성에프엠에스주식회사,048735,2018/12,UQ
효성에프엠에스주식회사,048735,2019/12,UQ
효성에프엠에스주식회사,048735,2020/12,UQ
효성에프엠에스주식회사,048735,2021/12,UQ
효성에프엠에스주식회사,048735,2022/12,UQ
효성엔지니어링(주),027990,2012/12,UQ
효성엔지니어링(주),027990,2013/12,UQ
효성엔지니어링(주),027990,2014/12,UQ
효성엔지니어링(주),027990,2015/12,UQ
효성엔지니어링(주),027990,2016/12,UQ
효성윈드파워홀딩스(주),054440,2015/12,NA
효성윈드파워홀딩스(주),054440,2016/12,UQ
효성윈드파워홀딩스(주),054440,2017/12,UQ
효성윈드파워홀딩스(주),054440,2018/12,UQ
효성윈드파워홀딩스(주),054440,2019/12,UQ
효성윈드파워홀딩스(주),054440,2020/12,UQ
효성윈드파워홀딩스(주),054440,2021/12,UQ
효성윈드파워홀딩스(주),054440,2022/12,UQ
효성인터내셔널(주),090162,2018/12,NA
효성인터내셔널(주),090162,2019/12,QS
효성인터내셔널(주),090162,2020/12,UQ
효성인터내셔널(주),090162,2021/12,UQ
효성인터내셔널(주),090162,2022/12,UQ
효성인포메이션시스템주식회사,020510,2012/12,UQ
효성인포메이션시스템주식회사,020510,2013/12,UQ
효성인포메이션시스템주식회사,020510,2014/12,UQ
효성인포메이션시스템주식회사,020510,2015/12,UQ
효성인포메이션시스템주식회사,020510,2016/12,UQ
효성인포메이션시스템주식회사,020510,2017/12,UQ
효성인포메이션시스템주식회사,020510,2018/12,UQ
효성인포메이션시스템주식회사,020510,2019/12,UQ
효성인포메이션시스템주식회사,020510,2020/12,UQ
효성인포메이션시스템주식회사,020510,2021/12,UQ
효성인포메이션시스템주식회사,020510,2022/12,UQ
효성전기주식회사,020512,2012/12,UQ
효성전기주식회사,020512,2013/12,UQ
효성전기주식회사,020512,2014/12,UQ
효성전기주식회사,020512,2015/12,UQ
효성전기주식회사,020512,2016/12,UQ
효성전기주식회사,020512,2017/12,UQ
효성전기주식회사,020512,2018/12,UQ
효성전기주식회사,020512,2019/12,UQ
효성전기주식회사,020512,2020/12,UQ
효성전기주식회사,020512,2021/12,UQ
효성전기주식회사,020512,2022/12,UQ
효성정밀주식회사,039837,2012/12,UQ
효성정밀주식회사,039837,2013/12,UQ
효성종합건설주식회사,082947,2016/12,NA
효성종합건설주식회사,082947,2017/12,UQ
효성종합건설주식회사,082947,2018/12,UQ
효성종합건설주식회사,082947,2019/12,UQ
효성청과(주),078144,2015/12,NA
효성청과(주),078144,2016/12,UQ
효성청과(주),078144,2017/12,UQ
효성청과(주),078144,2018/12,UQ
효성청과(주),078144,2019/12,UQ
효성청과(주),078144,2020/12,UQ
효성청과(주),078144,2021/12,UQ
효성청과(주),078144,2022/12,UQ
효성케스텍주식회사,067760,2012/12,NA
효성케스텍주식회사,067760,2013/12,QS
효성케스텍주식회사,067760,2014/12,UQ
효성케스텍주식회사,067760,2015/12,UQ
효성케스텍주식회사,067760,2016/12,UQ
효성케스텍주식회사,067760,2017/12,UQ
효성케스텍주식회사,067760,2018/12,UQ
효성케스텍주식회사,067760,2019/12,UQ
효성케스텍주식회사,067760,2020/12,UQ
효성케스텍주식회사,067760,2021/12,UQ
효성케스텍주식회사,067760,2022/12,UQ
효성토요타주식회사,067307,2013/12,UQ
효성토요타주식회사,067307,2014/12,UQ
효성토요타주식회사,067307,2015/12,UQ
효성토요타주식회사,067307,2016/12,UQ
효성토요타주식회사,067307,2017/12,UQ
효성토요타주식회사,067307,2018/12,UQ
효성토요타주식회사,067307,2019/12,UQ
효성토요타주식회사,067307,2020/12,UQ
효성토요타주식회사,067307,2021/12,UQ
효성토요타주식회사,067307,2022/12,UQ
효성투자개발주식회사,014196,2012/12,UQ
효성투자개발주식회사,014196,2013/12,UQ
효성투자개발주식회사,014196,2014/12,UQ
효성투자개발주식회사,014196,2015/12,UQ
효성투자개발주식회사,014196,2016/12,UQ
효성투자개발주식회사,014196,2017/12,UQ
효성투자개발주식회사,014196,2018/12,UQ
효성투자개발주식회사,014196,2019/12,UQ
효성투자개발주식회사,014196,2020/12,UQ
효성투자개발주식회사,014196,2021/12,UQ
효성투자개발주식회사,014196,2022/12,UQ
효성트랜스월드(주),027994,2012/12,UQ
효성트랜스월드(주),027994,2013/12,UQ
효성트랜스월드(주),027994,2014/12,UQ
효성트랜스월드(주),027994,2015/12,UQ
효성트랜스월드(주),027994,2016/12,UQ
효성트랜스월드(주),027994,2017/12,UQ
효성트랜스월드(주),027994,2018/12,UQ
효성트랜스월드(주),027994,2019/12,UQ
효성트랜스월드(주),027994,2020/12,UQ
효성티앤에스(주),020505,2012/12,UQ
효성티앤에스(주),020505,2013/12,UQ
효성티앤에스(주),020505,2014/12,UQ
효성티앤에스(주),020505,2015/12,UQ
효성티앤에스(주),020505,2016/12,UQ
효성티앤에스(주),020505,2017/12,UQ
효성티앤에스(주),020505,2018/12,UQ
효성티앤에스(주),020505,2019/12,UQ
효성티앤에스(주),020505,2020/12,UQ
효성티앤에스(주),020505,2021/12,UQ
효성티앤에스(주),020505,2022/12,UQ
효성푸드주식회사,070344,2013/12,NA
효성푸드주식회사,070344,2014/12,QS
효성푸드주식회사,070344,2015/12,UQ
효성프리미어모터스(주),087093,2017/12,NA
효성프리미어모터스(주),087093,2018/12,UQ
효성프리미어모터스(주),087093,2019/12,UQ
효성프리미어모터스(주),087093,2020/12,UQ
효성프리미어모터스(주),087093,2021/12,UQ
효성프리미어모터스(주),087093,2022/12,UQ
효영닷컴건설주식회사,098158,2020/12,NA
효영닷컴건설주식회사,098158,2021/12,DU
효우케이블(주),051554,2012/12,UQ
효우케이블(주),051554,2013/12,UQ
효우케이블(주),051554,2014/12,UQ
효우케이블(주),051554,2015/12,UQ
효우케이블(주),051554,2016/12,UQ
효원산업개발(주),059731,2012/12,UQ
효원산업개발(주),059731,2013/12,UQ
효원산업개발(주),059731,2014/12,UQ
효원산업개발(주),059731,2015/12,UQ
효원산업개발(주),059731,2016/12,UQ
효원산업개발(주),059731,2017/12,UQ
효원산업개발(주),059731,2018/12,UQ
효원산업개발(주),059731,2019/12,UQ
효원산업개발(주),059731,2020/12,UQ
효원산업개발(주),059731,2021/12,UQ
효원산업개발(주),059731,2022/12,UQ
효원에듀주식회사,085275,2017/12,NA
효원에듀주식회사,085275,2018/12,UQ
효원에듀주식회사,085275,2019/12,UQ
효원에듀주식회사,085275,2020/12,UQ
효원에듀주식회사,085275,2021/12,UQ
효원에듀주식회사,085275,2022/12,UQ
효원테크주식회사,073256,2014/12,NA
효원테크주식회사,073256,2015/12,UQ
효원테크주식회사,073256,2016/12,UQ
효원테크주식회사,073256,2017/12,UQ
효정건설주식회사,010533,2012/12,UQ
효정건설주식회사,010533,2013/12,UQ
효정건설주식회사,010533,2014/12,AG
효정산업개발(주),057014,2012/12,UQ
효정산업개발(주),057014,2013/12,UQ
효정산업개발(주),057014,2014/12,UQ
효정산업개발(주),057014,2015/12,UQ
효정산업개발(주),057014,2016/12,UQ
효정산업개발(주),057014,2017/12,UQ
효정산업개발(주),057014,2018/12,UQ
효정산업개발(주),057014,2019/12,UQ
효정산업개발(주),057014,2020/12,UQ
효정산업개발(주),057014,2021/12,UQ
효제아트피에프브이주식회사,099854,2020/12,NA
효제아트피에프브이주식회사,099854,2021/12,UQ
효제아트피에프브이주식회사,099854,2022/12,UQ
효제피에프브이주식회사,097570,2020/12,NA
효제피에프브이주식회사,097570,2021/12,UQ
효제피에프브이주식회사,097570,2022/12,UQ
효진상운(주),105390,2021/12,NA
효진상운(주),105390,2022/12,UQ
효진주식회사,069430,2013/12,NA
효진주식회사,069430,2014/12,UQ
효진주식회사,069430,2017/12,UQ
효진주식회사,069430,2018/12,UQ
효진주식회사,069430,2019/12,UQ
효진주식회사,069430,2020/12,UQ
효진주식회사,069430,2021/12,UQ
효진주식회사,069430,2022/12,UQ
효창산업주식회사,044507,2012/12,UQ
효창산업주식회사,044507,2013/12,NA
효창산업주식회사,044507,2014/12,QS
효창종합건설(주),044753,2012/12,UQ
효천급유주식회사,072814,2014/12,NA
효천급유주식회사,072814,2015/12,UQ
효천급유주식회사,072814,2016/12,UQ
후덕한금속(주),066640,2012/12,NA
후덕한금속(주),066640,2013/12,QS
후덕한금속(주),066640,2014/12,UQ
후덕한금속(주),066640,2015/12,NA
후덕한금속(주),066640,2016/12,UQ
후덕한금속(주),066640,2017/12,UQ
후덕한금속(주),066640,2018/12,UQ
후덕한금속(주),066640,2019/12,UQ
후덕한금속(주),066640,2020/12,UQ
후덕한금속(주),066640,2021/12,UQ
후덕한금속(주),066640,2022/12,UQ
후레쉬퍼스트,099763,2020/12,NA
후레쉬퍼스트,099763,2021/12,UQ
후레쉬퍼스트,099763,2022/12,UQ
후림개발주식회사,020517,2012/12,UQ
후림개발주식회사,020517,2013/12,UQ
후림개발주식회사,020517,2014/12,UQ
후림개발주식회사,020517,2015/12,UQ
후림개발주식회사,020517,2016/12,UQ
후림개발주식회사,020517,2019/12,UQ
후림개발주식회사,020517,2020/12,UQ
후림개발주식회사,020517,2021/12,UQ
후성글로벌주식회사,100754,2021/12,UQ
후성글로벌주식회사,100754,2022/12,UQ
후성산업(주),020519,2012/12,UQ
후성산업(주),020519,2013/12,UQ
후성산업(주),020519,2014/12,UQ
후성산업(주),020519,2015/12,UQ
후성산업(주),020519,2016/12,UQ
후성정공(주),020520,2012/12,UQ
후성정공(주),020520,2013/12,UQ
후성정공(주),020520,2014/12,UQ
후성정공(주),020520,2015/12,UQ
후성정공(주),020520,2016/12,UQ
후성정공(주),020520,2017/12,UQ
후성정공(주),020520,2018/12,UQ
후성정공(주),020520,2019/12,UQ
후성정공(주),020520,2020/12,UQ
후성정공(주),020520,2021/12,UQ
후성정공(주),020520,2022/12,UQ
후성지앤아이주식회사,076335,2016/12,UQ
후성코퍼레이션주식회사,106755,2022/12,UQ
후성홀딩스(주),016801,2012/12,UQ
후성홀딩스(주),016801,2013/12,UQ
후성홀딩스(주),016801,2014/12,UQ
후성홀딩스(주),016801,2015/12,UQ
후성홀딩스(주),016801,2016/12,UQ
후성홀딩스(주),016801,2017/12,UQ
후성홀딩스(주),016801,2018/12,UQ
후성홀딩스(주),016801,2019/12,UQ
후성홀딩스(주),016801,2020/12,UQ
후성홀딩스(주),016801,2021/12,UQ
후성홀딩스(주),016801,2022/12,UQ
후소산기주식회사,042703,2012/12,UQ
후소산기주식회사,042703,2013/12,UQ
후소산기주식회사,042703,2014/12,UQ
후소산기주식회사,042703,2015/12,UQ
후소산기주식회사,042703,2016/12,UQ
후소산기주식회사,042703,2017/12,UQ
후소산기주식회사,042703,2018/12,UQ
후소산기주식회사,042703,2019/12,UQ
후소산기주식회사,042703,2020/12,UQ
후소산기주식회사,042703,2021/12,UQ
후암주택건설(주),091402,2018/12,NA
후암주택건설(주),091402,2019/12,QS
후암흥업주식회사,077742,2015/12,NA
후암흥업주식회사,077742,2016/12,UQ
후암흥업주식회사,077742,2017/12,UQ
후암흥업주식회사,077742,2018/12,UQ
후암흥업주식회사,077742,2019/12,UQ
후암흥업주식회사,077742,2020/12,UQ
후암흥업주식회사,077742,2021/12,UQ
후암흥업주식회사,077742,2022/12,UQ
후오비(주),103323,2021/12,NA
후오비(주),103323,2022/12,UQ
후지라이테크(주),048771,2012/12,UQ
후지라이테크(주),048771,2013/12,UQ
후지라이테크(주),048771,2014/12,UQ
후지라이테크(주),048771,2015/12,UQ
후지라이테크(주),048771,2016/12,UQ
후지라이테크(주),048771,2017/12,UQ
후지라이테크(주),048771,2018/12,UQ
후지라이테크(주),048771,2019/12,UQ
후지라이테크(주),048771,2020/12,UQ
후지라이테크(주),048771,2021/12,UQ
후지라이테크(주),048771,2022/12,UQ
후지라이프주식회사,066411,2012/12,NA
후지라이프주식회사,066411,2013/12,QS
후지유통(주),058954,2012/12,UQ
후지유통(주),058954,2013/12,UQ
후지유통(주),058954,2014/12,UQ
후지유통(주),058954,2015/12,UQ
후지유통(주),058954,2016/12,UQ
후지유통(주),058954,2017/12,UQ
후지유통(주),058954,2018/12,UQ
후지유통(주),058954,2019/12,UQ
후지유통(주),058954,2020/12,UQ
후지유통(주),058954,2021/12,UQ
후지유통(주),058954,2022/12,UQ
후지인스트루먼트코리아주식회사,081075,2016/12,NA
후지인스트루먼트코리아주식회사,081075,2017/12,QS
후지인스트루먼트코리아주식회사,081075,2018/12,UQ
후지테크코리아(주),020522,2012/12,UQ
후지테크코리아(주),020522,2013/12,UQ
후지테크코리아(주),020522,2014/12,UQ
후지테크코리아(주),020522,2015/12,UQ
후지테크코리아(주),020522,2016/12,UQ
후지테크코리아(주),020522,2017/12,UQ
후지테크코리아(주),020522,2018/12,UQ
후지테크코리아(주),020522,2019/12,UQ
후지테크코리아(주),020522,2020/12,UQ
후지테크코리아(주),020522,2021/12,UQ
후지테크코리아(주),020522,2022/12,UQ
훌루테크(주),045236,2012/12,UQ
훌루테크(주),045236,2013/12,UQ
훌루테크(주),045236,2014/12,UQ
훌루테크(주),045236,2015/12,UQ
훌루테크(주),045236,2016/12,UQ
훌루테크(주),045236,2017/12,UQ
훌루테크(주),045236,2018/12,UQ
훌루테크(주),045236,2019/12,UQ
훌루테크(주),045236,2020/12,UQ
훌루테크(주),045236,2021/12,UQ
훌루테크(주),045236,2022/12,UQ
훠리스트주식회사,046298,2012/12,UQ
훠리스트주식회사,046298,2013/12,UQ
훠리스트주식회사,046298,2014/12,UQ
훠리스트주식회사,046298,2015/12,UQ
훠리스트주식회사,046298,2016/12,UQ
훠리스트주식회사,046298,2017/12,UQ
훠리스트주식회사,046298,2018/12,UQ
훼미리식품주식회사,067625,2013/12,UQ
훼미리식품주식회사,067625,2014/12,UQ
훼미리식품주식회사,067625,2015/12,UQ
훼미리식품주식회사,067625,2016/12,UQ
훼미리식품주식회사,067625,2017/12,UQ
훼미리식품주식회사,067625,2018/12,UQ
훼미리식품주식회사,067625,2019/12,UQ
훼미리식품주식회사,067625,2020/12,UQ
훼미리식품주식회사,067625,2021/12,UQ
훼미리식품주식회사,067625,2022/12,UQ
훽트주식회사,043110,2012/12,UQ
훽트주식회사,043110,2013/12,UQ
훽트주식회사,043110,2014/12,UQ
훽트주식회사,043110,2015/12,UQ
훽트주식회사,043110,2016/12,UQ
훽트주식회사,043110,2017/12,UQ
훽트주식회사,043110,2018/12,UQ
훽트주식회사,043110,2019/12,UQ
훽트주식회사,043110,2020/12,UQ
훽트주식회사,043110,2021/12,UQ
휘닉스중앙제주주식회사,046240,2012/12,UQ
휘닉스중앙제주주식회사,046240,2013/12,UQ
휘닉스중앙제주주식회사,046240,2014/12,UQ
휘닉스중앙제주주식회사,046240,2015/12,UQ
휘닉스중앙제주주식회사,046240,2016/12,UQ
휘닉스중앙제주주식회사,046240,2017/12,UQ
휘닉스중앙제주주식회사,046240,2018/12,UQ
휘닉스중앙제주주식회사,046240,2019/12,UQ
휘닉스중앙제주주식회사,046240,2020/12,UQ
휘닉스중앙제주주식회사,046240,2021/12,UQ
휘닉스중앙제주주식회사,046240,2022/12,UQ
휘닉스중앙주식회사,026339,2012/12,UQ
휘닉스중앙주식회사,026339,2013/12,UQ
휘닉스중앙주식회사,026339,2014/12,UQ
휘닉스중앙주식회사,026339,2015/12,UQ
휘닉스중앙주식회사,026339,2016/12,UQ
휘닉스중앙주식회사,026339,2017/12,UQ
휘닉스중앙주식회사,026339,2018/12,UQ
휘닉스중앙주식회사,026339,2019/12,UQ
휘닉스중앙주식회사,026339,2020/12,UQ
휘닉스중앙주식회사,026339,2021/12,UQ
휘닉스중앙주식회사,026339,2022/12,UQ
휘닉스평창주식회사,094378,2019/12,NA
휘닉스평창주식회사,094378,2020/12,UQ
휘닉스평창주식회사,094378,2021/12,UQ
휘닉스평창주식회사,094378,2022/12,UQ
휘문건설(주),082550,2016/12,NA
휘문건설(주),082550,2017/12,QS
휘문아파트관리주식회사,073691,2014/12,NA
휘문아파트관리주식회사,073691,2015/12,QS
휘문아파트관리주식회사,073691,2016/12,QU
휘문아파트관리주식회사,073691,2017/12,QS
휘슬러코리아(주),020528,2012/12,UQ
휘슬러코리아(주),020528,2013/12,UQ
휘슬러코리아(주),020528,2014/12,UQ
휘슬러코리아(주),020528,2015/12,UQ
휘슬러코리아(주),020528,2016/12,UQ
휘슬러코리아(주),020528,2017/12,UQ
휘슬러코리아(주),020528,2018/12,UQ
휘슬러코리아(주),020528,2019/12,UQ
휘슬러코리아(주),020528,2020/12,UQ
휘슬러코리아(주),020528,2021/12,UQ
휘슬러코리아(주),020528,2022/12,UQ
휘트니스서비스인터내셔날(주),019003,2012/12,UQ
휘트니스서비스인터내셔날(주),019003,2013/12,UQ
휘트니스서비스인터내셔날(주),019003,2014/12,UQ
휘트니스서비스인터내셔날(주),019003,2015/12,UQ
휠라코리아주식회사,094119,2020/12,UQ
휠라코리아주식회사,094119,2021/12,UQ
휠라코리아주식회사,094119,2022/12,UQ
휴고보스코리아유한회사,093247,2019/12,NA
휴고보스코리아유한회사,093247,2020/12,UQ
휴고보스코리아유한회사,093247,2021/12,UQ
휴고보스코리아유한회사,093247,2022/12,UQ
휴넷,011392,2015/12,NA
휴넷,011392,2016/12,UQ
휴넷,011392,2017/12,UQ
휴넷,011392,2018/12,UQ
휴넷,011392,2019/12,UQ
휴넷,011392,2020/12,UQ
휴넷,011392,2021/12,UQ
휴넷,011392,2022/12,UQ
휴니온주식회사,083045,2016/12,NA
휴니온주식회사,083045,2017/12,UQ
휴니온주식회사,083045,2018/12,UQ
휴니온주식회사,083045,2019/12,DU
휴라시안주식회사,064690,2012/12,UQ
휴라시안주식회사,064690,2013/12,UQ
휴라시안주식회사,064690,2014/12,UQ
휴라시안주식회사,064690,2015/12,UQ
휴라시안주식회사,064690,2016/12,UQ
휴랜드(주),093564,2019/12,NA
휴랜드(주),093564,2020/12,UQ
휴랜드(주),093564,2021/12,UQ
휴랜드(주),093564,2022/12,UQ
휴로스(주),080123,2016/12,NA
휴로스(주),080123,2017/12,UQ
휴로스(주),080123,2018/12,UQ
휴로스(주),080123,2019/12,QS
휴로스(주),080123,2020/12,UQ
휴로스(주),080123,2021/12,UQ
휴로스(주),080123,2022/12,UQ
휴롬엘에스(주),058676,2012/12,UQ
휴롬엘에스(주),058676,2013/12,UQ
휴마시스(주),068964,2013/12,NA
휴마시스(주),068964,2014/12,UQ
휴마시스(주),068964,2015/12,UQ
휴마시스(주),068964,2016/12,UQ
휴먼교육주식회사,058151,2012/12,UQ
휴먼교육주식회사,058151,2013/12,UQ
휴먼교육주식회사,058151,2014/12,UQ
휴먼교육주식회사,058151,2015/12,UQ
휴먼교육주식회사,058151,2016/12,UQ
휴먼교육주식회사,058151,2017/12,UQ
휴먼교육주식회사,058151,2018/12,UQ
휴먼교육주식회사,058151,2019/12,UQ
휴먼교육주식회사,058151,2020/12,UQ
휴먼교육주식회사,058151,2021/12,UQ
휴먼교육주식회사,058151,2022/12,UQ
휴먼라이프주식회사,073546,2014/12,NA
휴먼라이프주식회사,073546,2015/12,QS
휴먼라이프주식회사,073546,2016/12,UQ
휴먼라이프주식회사,073546,2017/12,UQ
휴먼라이프주식회사,073546,2018/12,UQ
휴먼라이프주식회사,073546,2019/12,UQ
휴먼라이프주식회사,073546,2020/12,UQ
휴먼라이프주식회사,073546,2021/12,UQ
휴먼라이프주식회사,073546,2022/12,UQ
휴먼배움주식회사,060790,2012/12,UQ
휴먼배움주식회사,060790,2013/12,UQ
휴먼배움주식회사,060790,2014/12,UQ
휴먼배움주식회사,060790,2015/12,UQ
휴먼배움주식회사,060790,2016/12,UQ
휴먼배움주식회사,060790,2017/12,UQ
휴먼배움주식회사,060790,2018/12,UQ
휴먼배움주식회사,060790,2019/12,UQ
휴먼배움주식회사,060790,2020/12,UQ
휴먼배움주식회사,060790,2021/12,UQ
휴먼배움주식회사,060790,2022/12,UQ
휴먼셀바이오,088440,2018/12,UQ
휴먼스테이주식회사,082665,2016/12,NA
휴먼스테이주식회사,082665,2017/12,UQ
휴먼스테이주식회사,082665,2018/12,UQ
휴먼스테이주식회사,082665,2019/12,UQ
휴먼스테이주식회사,082665,2020/12,UQ
휴먼스테이주식회사,082665,2021/12,UQ
휴먼스테이주식회사,082665,2022/12,UQ
휴먼시스템주식회사,101230,2020/12,NA
휴먼시스템주식회사,101230,2021/12,UQ
휴먼시스템주식회사,101230,2022/12,UQ
휴먼에듀주식회사,058152,2012/12,UQ
휴먼에듀주식회사,058152,2013/12,UQ
휴먼에듀주식회사,058152,2014/12,UQ
휴먼에듀주식회사,058152,2015/12,UQ
휴먼에듀주식회사,058152,2016/12,UQ
휴먼에듀주식회사,058152,2017/12,UQ
휴먼에듀주식회사,058152,2018/12,UQ
휴먼에듀주식회사,058152,2019/12,UQ
휴먼에듀주식회사,058152,2020/12,UQ
휴먼에듀주식회사,058152,2021/12,UQ
휴먼에듀주식회사,058152,2022/12,UQ
휴먼전자주식회사,020530,2012/12,UQ
휴먼전자주식회사,020530,2013/12,UQ
휴먼전자주식회사,020530,2014/12,UQ
휴먼전자주식회사,020530,2015/12,UQ
휴먼전자주식회사,020530,2016/12,NA
휴먼전자주식회사,020530,2017/12,QS
휴먼전자주식회사,020530,2018/12,UQ
휴먼텍(주),067304,2012/12,NA
휴먼텍(주),067304,2013/12,QS
휴먼텍(주),067304,2014/12,UQ
휴먼텍(주),067304,2015/12,UQ
휴먼텍(주),067304,2016/12,UQ
휴먼텍(주),067304,2017/12,UQ
휴먼텍(주),067304,2018/12,UQ
휴먼텍(주),067304,2019/12,UQ
휴먼플러스(주),067897,2012/12,NA
휴먼플러스(주),067897,2013/12,QS
휴먼플러스(주),067897,2014/12,UQ
휴먼플러스(주),067897,2015/12,UQ
휴먼플러스(주),067897,2016/12,UQ
휴먼플러스(주),067897,2017/12,UQ
휴먼플러스(주),067897,2018/12,UQ
휴먼플러스(주),067897,2019/12,UQ
휴먼플러스(주),067897,2020/12,UQ
휴먼플러스(주),067897,2021/12,UQ
휴먼플러스(주),067897,2022/12,UQ
휴미텍코리아주식회사,099857,2020/12,NA
휴미텍코리아주식회사,099857,2021/12,QS
휴비트주식회사,089563,2019/12,UQ
휴젤(주),061042,2012/12,UQ
휴젤(주),061042,2013/12,UQ
휴젤(주),061042,2014/12,UQ
휴젤파마(주),066755,2013/12,QS
휴젤파마(주),066755,2014/12,UQ
휴젤파마(주),066755,2015/12,UQ
휴젤파마(주),066755,2016/12,UQ
휴젤파마(주),066755,2017/12,UQ
휴코스코리아주식회사,077514,2015/12,NA
휴코스코리아주식회사,077514,2016/12,UQ
휴코스코리아주식회사,077514,2017/12,UQ
흥국건설(주),028024,2012/12,UQ
흥국건설(주),028024,2013/12,UQ
흥국건설(주),028024,2014/12,UQ
흥국산업주식회사,077154,2015/12,NA
흥국산업주식회사,077154,2016/12,UQ
흥국산업주식회사,077154,2017/12,UQ
흥국산업주식회사,077154,2018/12,UQ
흥국산업주식회사,077154,2019/12,UQ
흥국산업주식회사,077154,2020/12,UQ
흥국산업주식회사,077154,2021/12,UQ
흥국산업주식회사,077154,2022/12,UQ
흥국제선주식회사,020538,2012/12,UQ
흥국제선주식회사,020538,2013/12,UQ
흥국제선주식회사,020538,2014/12,UQ
흥국제선주식회사,020538,2015/12,UQ
흥국제선주식회사,020538,2016/12,UQ
흥국제선주식회사,020538,2017/12,UQ
흥국제선주식회사,020538,2018/12,UQ
흥국제선주식회사,020538,2019/12,UQ
흥국제선주식회사,020538,2020/12,UQ
흥국제선주식회사,020538,2021/12,UQ
흥국제선주식회사,020538,2022/12,UQ
흥덕도시개발주식회사,090820,2018/12,NA
흥덕도시개발주식회사,090820,2019/12,UQ
흥부산업(주),087387,2017/12,NA
흥부산업(주),087387,2018/12,QS
흥부산업(주),087387,2019/12,UQ
흥부산업(주),087387,2020/12,UQ
흥부산업(주),087387,2021/12,UQ
흥부산업(주),087387,2022/12,UQ
흥성사료주식회사,020543,2012/12,UQ
흥성사료주식회사,020543,2013/12,UQ
흥성사료주식회사,020543,2014/12,UQ
흥성사료주식회사,020543,2015/12,UQ
흥성사료주식회사,020543,2016/12,UQ
흥성사료주식회사,020543,2017/12,UQ
흥성사료주식회사,020543,2018/12,UQ
흥성사료주식회사,020543,2019/12,UQ
흥성사료주식회사,020543,2020/12,UQ
흥성사료주식회사,020543,2021/12,UQ
흥성사료주식회사,020543,2022/12,UQ
흥아라인주식회사,092431,2019/12,UQ
흥아라인주식회사,092431,2020/12,UQ
흥아라인주식회사,092431,2021/12,UQ
흥아라인주식회사,092431,2022/12,UQ
흥아상사(주),020544,2012/12,UQ
흥아상사(주),020544,2013/12,UQ
흥아상사(주),020544,2014/12,UQ
흥아상사(주),020544,2015/12,UQ
흥아상사(주),020544,2016/12,UQ
흥아상사(주),020544,2017/12,UQ
흥아상사(주),020544,2018/12,UQ
흥아상사(주),020544,2019/12,UQ
흥아타이어판매주식회사,088820,2018/12,NA
흥아타이어판매주식회사,088820,2019/12,QS
흥아타이어판매주식회사,088820,2020/12,UQ
흥아타이어판매주식회사,088820,2021/12,UQ
흥아타이어판매주식회사,088820,2022/12,UQ
흥안실업주식회사,095711,2019/12,NA
흥안실업주식회사,095711,2020/12,UQ
흥안실업주식회사,095711,2021/12,UQ
흥안실업주식회사,095711,2022/12,UQ
흥안운수주식회사,028030,2012/12,UQ
흥안운수주식회사,028030,2013/12,UQ
흥안운수주식회사,028030,2014/12,UQ
흥안운수주식회사,028030,2015/12,UQ
흥안운수주식회사,028030,2016/12,UQ
흥안운수주식회사,028030,2017/12,UQ
흥안운수주식회사,028030,2018/12,UQ
흥안운수주식회사,028030,2019/12,UQ
흥안운수주식회사,028030,2020/12,UQ
흥안운수주식회사,028030,2021/12,UQ
흥안운수주식회사,028030,2022/12,UQ
흥영산업개발주식회사,105917,2021/12,NA
흥영산업개발주식회사,105917,2022/12,UQ
흥우건설(주),043327,2012/12,UQ
흥우건설(주),043327,2013/12,UQ
흥우건설(주),043327,2014/12,UQ
흥우건설(주),043327,2015/12,UQ
흥우건설(주),043327,2016/12,UQ
흥우건설(주),043327,2017/12,UQ
흥우건설(주),043327,2018/12,UQ
흥우건설(주),043327,2019/12,UQ
흥우건설(주),043327,2020/12,UQ
흥우건설(주),043327,2021/12,UQ
흥우건설(주),043327,2022/12,UQ
흥우산업(주),020547,2012/12,UQ
흥우산업(주),020547,2013/12,UQ
흥우산업(주),020547,2014/12,UQ
흥우산업(주),020547,2015/12,UQ
흥우산업(주),020547,2016/12,UQ
흥우산업(주),020547,2017/12,UQ
흥우산업(주),020547,2018/12,UQ
흥우산업(주),020547,2019/12,UQ
흥우산업(주),020547,2020/12,UQ
흥우산업(주),020547,2021/12,UQ
흥우산업(주),020547,2022/12,UQ
흥원개발주식회사,091446,2018/12,NA
흥원개발주식회사,091446,2019/12,UQ
흥원개발주식회사,091446,2020/12,UQ
흥원개발주식회사,091446,2021/12,UQ
흥원개발주식회사,091446,2022/12,UQ
흥일기업주식회사,028567,2012/12,UQ
흥일기업주식회사,028567,2013/12,UQ
흥일기업주식회사,028567,2014/12,UQ
흥일기업주식회사,028567,2015/12,UQ
흥일기업주식회사,028567,2016/12,UQ
흥일기업주식회사,028567,2017/12,UQ
흥일기업주식회사,028567,2018/12,UQ
흥일기업주식회사,028567,2019/12,UQ
흥일기업주식회사,028567,2020/12,UQ
흥일기업주식회사,028567,2021/12,UQ
흥일기업주식회사,028567,2022/12,UQ
흥일산업(주),020548,2012/12,UQ
흥일산업(주),020548,2013/12,UQ
흥일산업(주),020548,2014/12,UQ
흥일산업(주),020548,2015/12,UQ
흥일산업(주),020548,2016/12,UQ
흥일산업(주),020548,2017/12,UQ
흥일산업(주),020548,2018/12,UQ
흥일산업(주),020548,2019/12,UQ
흥일산업(주),020548,2020/12,UQ
흥일산업(주),020548,2021/12,UQ
흥일산업(주),020548,2022/12,UQ
흥일홀딩스주식회사,064665,2012/12,UQ
흥일홀딩스주식회사,064665,2013/12,UQ
흥일홀딩스주식회사,064665,2014/12,UQ
흥일홀딩스주식회사,064665,2019/12,NA
흥일홀딩스주식회사,064665,2020/12,UQ
흥일홀딩스주식회사,064665,2021/12,UQ
흥일홀딩스주식회사,064665,2022/12,UQ
흥진건설주식회사,020550,2012/12,UQ
흥진건설주식회사,020550,2013/12,UQ
흥진건설주식회사,020550,2014/12,UQ
흥진건설주식회사,020550,2015/12,UQ
흥진건설주식회사,020550,2016/12,UQ
흥진건설주식회사,020550,2017/12,UQ
흥진건설주식회사,020550,2018/12,UQ
흥진건설주식회사,020550,2019/12,UQ
흥진건설주식회사,020550,2020/12,UQ
흥진건설주식회사,020550,2021/12,UQ
흥진건설주식회사,020550,2022/12,UQ
흥진기업(주),020551,2012/12,UQ
흥진기업(주),020551,2013/12,UQ
흥진기업(주),020551,2014/12,UQ
흥진기업(주),020551,2015/12,UQ
흥진기업(주),020551,2016/12,UQ
흥진기업(주),020551,2017/12,UQ
흥진기업(주),020551,2018/12,UQ
흥진기업(주),020551,2019/12,UQ
흥진기업(주),020551,2020/12,UQ
흥진기업(주),020551,2021/12,UQ
흥진기업(주),020551,2022/12,UQ
흥진레미콘(주),020552,2012/12,UQ
흥진레미콘(주),020552,2013/12,UQ
흥진레미콘(주),020552,2014/12,UQ
흥진레미콘(주),020552,2015/12,UQ
흥진레미콘(주),020552,2016/12,DU
흥진산업(주),081193,2016/12,NA
흥진산업(주),081193,2017/12,UQ
흥진산업(주),081193,2018/12,UQ
흥진산업(주),081193,2019/12,UQ
흥진산업(주),081193,2020/12,UQ
흥진산업(주),081193,2021/12,UQ
흥진산업(주),081193,2022/12,UQ
흥진산업주식회사,052195,2012/12,UQ
흥진산업주식회사,052195,2013/12,UQ
흥진산업주식회사,052195,2014/12,UQ
흥진산업주식회사,052195,2015/12,UQ
흥진산업주식회사,020553,2016/12,QS
흥진산업주식회사,052195,2016/12,UQ
흥진산업주식회사,052195,2017/12,UQ
흥진산업주식회사,020553,2017/12,UQ
흥진산업주식회사,020553,2018/12,UQ
흥진산업주식회사,052195,2018/12,UQ
흥진산업주식회사,052195,2019/12,UQ
흥진산업주식회사,020553,2019/12,UQ
흥진산업주식회사,052195,2020/12,UQ
흥진산업주식회사,052195,2021/12,UQ
흥진산업주식회사,052195,2022/12,UQ
흥진상운주식회사,078438,2015/12,NA
흥진상운주식회사,078438,2016/12,UQ
흥진상운주식회사,078438,2017/12,UQ
흥진상운주식회사,078438,2018/12,UQ
흥진상운주식회사,078438,2019/12,UQ
흥진정공주식회사,028036,2014/12,UQ
흥진정공주식회사,028036,2017/12,QS
흥진정공주식회사,028036,2018/12,UQ
흥진정공주식회사,028036,2019/12,UQ
흥진정공주식회사,028036,2021/12,NA
흥진정공주식회사,028036,2022/12,QS
흥진토건(주),060987,2012/12,UQ
흥진토건(주),060987,2013/12,DS
흥진환경(주),080246,2016/12,NA
흥진환경(주),080246,2017/12,UQ
흥진환경(주),080246,2018/12,UQ
흥진환경(주),080246,2019/12,UQ
흥한개발(주),062417,2012/12,QS
흥한건설(주),020555,2012/12,UQ
흥한건설(주),020555,2013/12,UQ
흥한건설(주),020555,2014/12,UQ
흥한건설(주),020555,2015/12,UQ
흥한건설(주),020555,2016/12,UQ
흥한건설(주),020555,2017/12,UQ
흥한건설(주),020555,2018/12,DU
흥한건설(주),020555,2019/12,DU
흥한건설(주),020555,2020/12,UQ
흥한건설(주),020555,2021/12,UQ
흥한건설(주),020555,2022/12,UQ
흥한산업(주),020556,2012/12,UQ
흥한산업(주),020556,2013/12,UQ
흥한산업(주),020556,2014/12,UQ
흥한산업(주),020556,2015/12,UQ
흥한산업(주),020556,2016/12,UQ
흥한산업(주),020556,2017/12,UQ
흥한산업(주),020556,2018/12,DU
흥한산업(주),020556,2019/12,DS
흥한산업(주),020556,2020/12,UQ
흥한산업(주),020556,2021/12,QS
흥한주택종합건설(주),028040,2012/12,UQ
흥한주택종합건설(주),028040,2013/12,UQ
흥한주택종합건설(주),028040,2014/12,UQ
흥한주택종합건설(주),028040,2015/12,UQ
흥한주택종합건설(주),028040,2016/12,UQ
흥한주택종합건설(주),028040,2017/12,UQ
흥한주택종합건설(주),028040,2018/12,UQ
흥한주택종합건설(주),028040,2019/12,UQ
흥한주택종합건설(주),028040,2020/12,UQ
흥한주택종합건설(주),028040,2021/12,UQ
흥한주택종합건설(주),028040,2022/12,UQ
희경건설(주),041249,2012/12,UQ
희경건설(주),041249,2013/12,DS
희경건설(주),041249,2014/12,NA
희경건설(주),041249,2015/12,QS
희래주식회사,106189,2021/12,NA
희래주식회사,106189,2022/12,UQ
희망경기교육(주),056835,2012/12,UQ
희망경기교육(주),056835,2013/12,UQ
희망경기교육(주),056835,2014/12,UQ
희망경기교육(주),056835,2015/12,UQ
희망경기교육(주),056835,2016/12,UQ
희망경기교육(주),056835,2017/12,UQ
희망경기교육(주),056835,2018/12,UQ
희망경기교육(주),056835,2019/12,UQ
희망경기교육(주),056835,2020/12,UQ
희망경기교육(주),056835,2021/12,UQ
희망경기교육(주),056835,2022/12,UQ
희망꿈나무(주),058297,2012/12,UQ
희망꿈나무(주),058297,2013/12,UQ
희망꿈나무(주),058297,2014/12,UQ
희망꿈나무(주),058297,2015/12,UQ
희망꿈나무(주),058297,2016/12,UQ
희망꿈나무(주),058297,2017/12,UQ
희망꿈나무(주),058297,2018/12,UQ
희망꿈나무(주),058297,2019/12,UQ
희망꿈나무(주),058297,2020/12,UQ
희망꿈나무(주),058297,2021/12,UQ
희망꿈나무(주),058297,2022/12,UQ
희망드림학사,074957,2014/12,NA
희망드림학사,074957,2015/12,UQ
희망드림학사,074957,2016/12,UQ
희망드림학사,074957,2017/12,UQ
희망드림학사,074957,2018/12,UQ
희망드림학사,074957,2019/12,UQ
희망드림학사,074957,2020/12,UQ
희망드림학사,074957,2021/12,UQ
희망드림학사,074957,2022/12,UQ
희망배움터주식회사,059973,2012/12,UQ
희망배움터주식회사,061283,2012/12,UQ
희망배움터주식회사,059973,2013/12,UQ
희망배움터주식회사,061283,2013/12,UQ
희망배움터주식회사,059973,2014/12,UQ
희망배움터주식회사,061283,2014/12,UQ
희망배움터주식회사,061283,2015/12,UQ
희망배움터주식회사,059973,2015/12,UQ
희망배움터주식회사,059973,2016/12,UQ
희망배움터주식회사,059973,2017/12,UQ
희망배움터주식회사,059973,2018/12,UQ
희망배움터주식회사,059973,2019/12,UQ
희망배움터주식회사,059973,2020/12,UQ
희망배움터주식회사,059973,2021/12,UQ
희망배움터주식회사,059973,2022/12,UQ
희망빛발전주식회사,089949,2019/12,UQ
희망빛발전주식회사,089949,2020/12,UQ
희망성남교육(주),060967,2012/12,UQ
희망성남교육(주),060967,2013/12,UQ
희망성남교육(주),060967,2014/12,UQ
희망성남교육(주),060967,2015/12,UQ
희망성남교육(주),060967,2016/12,UQ
희망성남교육(주),060967,2017/12,UQ
희망성남교육(주),060967,2018/12,UQ
희망세움(주),063063,2012/12,UQ
희망세움(주),063063,2013/12,UQ
희망세움(주),063063,2014/12,UQ
희망세움(주),063063,2015/12,UQ
희망세움(주),063063,2016/12,UQ
희망세움(주),063063,2017/12,UQ
희망세움(주),063063,2018/12,UQ
희망세움(주),063063,2019/12,UQ
희망세움(주),063063,2020/12,UQ
희망세움(주),063063,2021/12,UQ
희망세움(주),063063,2022/12,UQ
희상건설주식회사,086164,2017/12,NA
희상건설주식회사,086164,2018/12,UQ
희상건설주식회사,086164,2019/12,UQ
희상건설주식회사,086164,2020/12,UQ
희상건설주식회사,086164,2021/12,UQ
희상건설주식회사,086164,2022/12,UQ
희성건설주식회사,078154,2015/12,NA
희성건설주식회사,078154,2016/12,UQ
희성식품(주),082222,2016/12,NA
희성식품(주),082222,2017/12,QG
희성식품(주),082222,2018/12,QS
희성식품(주),082222,2019/12,QG
희성엔터테인먼트주식회사,101000,2020/12,NA
희성엔터테인먼트주식회사,101000,2021/12,UQ
희성엔터테인먼트주식회사,101000,2022/12,UQ
희성전자주식회사,015249,2012/12,UQ
희성전자주식회사,015249,2013/12,UQ
희성전자주식회사,015249,2014/12,UQ
희성전자주식회사,015249,2015/12,UQ
희성전자주식회사,015249,2016/12,UQ
희성전자주식회사,015249,2017/12,UQ
희성전자주식회사,015249,2018/12,UQ
희성전자주식회사,015249,2019/12,UQ
희성전자주식회사,015249,2020/12,UQ
희성전자주식회사,015249,2021/12,UQ
희성전자주식회사,015249,2022/12,UQ
희성촉매주식회사,020560,2012/12,UQ
희성촉매주식회사,020560,2013/12,UQ
희성촉매주식회사,020560,2014/12,UQ
희성촉매주식회사,020560,2015/12,UQ
희성촉매주식회사,020560,2016/12,UQ
희성촉매주식회사,020560,2017/12,UQ
희성촉매주식회사,020560,2018/12,UQ
희성촉매주식회사,020560,2019/12,UQ
희성촉매주식회사,020560,2020/12,UQ
희성촉매주식회사,020560,2021/12,UQ
희성촉매주식회사,020560,2022/12,UQ
희성폴리머주식회사,073015,2015/12,UQ
희성폴리머주식회사,073015,2016/12,UQ
희성폴리머주식회사,073015,2017/12,UQ
희성폴리머주식회사,073015,2018/12,UQ
희성폴리머주식회사,073015,2019/12,UQ
희성폴리머주식회사,073015,2020/12,UQ
희성폴리머주식회사,073015,2021/12,UQ
희성폴리머주식회사,073015,2022/12,UQ
희성피엠텍(주),043082,2012/12,UQ
희성피엠텍(주),043082,2013/12,UQ
희성피엠텍(주),043082,2014/12,UQ
희성피엠텍(주),043082,2015/12,UQ
희성피엠텍(주),043082,2016/12,UQ
희성피엠텍(주),043082,2017/12,UQ
희성피엠텍(주),043082,2018/12,UQ
희성피엠텍(주),043082,2019/12,UQ
희성피엠텍(주),043082,2020/12,UQ
희성피엠텍(주),043082,2021/12,UQ
희성피엠텍(주),043082,2022/12,UQ
희연인터내셔날,061473,2012/12,DS
희연인터내셔날,061473,2013/12,DS
희연인터내셔날,061473,2014/12,DS
희연인터내셔날,061473,2015/12,DS
희원금속,061751,2012/12,UQ
희원금속,061751,2013/12,UQ
희원금속,061751,2014/12,UQ
희원금속,061751,2015/12,UQ
희원금속,061751,2016/12,UQ
희원금속,061751,2017/12,UQ
희원금속,061751,2018/12,UQ
희원금속,061751,2019/12,UQ
희원금속,061751,2020/12,UQ
희원금속,061751,2021/12,UQ
희원금속,061751,2022/12,UQ
희진개발주식회사,100500,2020/12,NA
희진개발주식회사,100500,2021/12,UQ
희진개발주식회사,100500,2022/12,UQ
희창냉장(주),020563,2012/12,UQ
희창냉장(주),020563,2013/12,UQ
희창냉장(주),020563,2014/12,UQ
희창냉장(주),020563,2015/12,UQ
희창냉장(주),020563,2016/12,UQ
희창냉장(주),020563,2017/12,UQ
희창냉장(주),020563,2018/12,UQ
희창냉장(주),020563,2019/12,UQ
희창냉장(주),020563,2020/12,UQ
희창냉장(주),020563,2021/12,UQ
희창냉장(주),020563,2022/12,UQ
희창물산주식회사,020564,2012/12,UQ
희창물산주식회사,020564,2013/12,UQ
희창물산주식회사,020564,2014/12,UQ
희창물산주식회사,020564,2015/12,UQ
희창물산주식회사,020564,2016/12,UQ
희창물산주식회사,020564,2017/12,UQ
희창물산주식회사,020564,2018/12,UQ
희창물산주식회사,020564,2019/12,UQ
희창물산주식회사,020564,2020/12,UQ
희창물산주식회사,020564,2021/12,UQ
희창물산주식회사,020564,2022/12,UQ
희창씨앤에프(주),052850,2012/12,UQ
희창씨앤에프(주),052850,2013/12,UQ
희창씨앤에프(주),052850,2014/12,UQ
희창씨앤에프(주),052850,2015/12,UQ
희창씨앤에프(주),052850,2016/12,UQ
희창씨앤에프(주),052850,2017/12,UQ
희창씨앤에프(주),052850,2018/12,UQ
희창씨앤에프(주),052850,2019/12,UQ
희천개발주식회사,060017,2012/12,QS
희천개발주식회사,060017,2013/12,QS
희천개발주식회사,060017,2014/12,DU
희천개발주식회사,060017,2015/12,DS
히람종합개발주식회사,098297,2020/12,NA
히람종합개발주식회사,098297,2021/12,UQ
히람종합개발주식회사,098297,2022/12,UQ
히람지엔지주식회사,098304,2020/12,NA
히람지엔지주식회사,098304,2021/12,UQ
히스보험중개주식회사,081703,2016/12,NA
히스보험중개주식회사,081703,2017/12,UQ
히스보험중개주식회사,081703,2018/12,UQ
히스보험중개주식회사,081703,2019/12,UQ
히스보험중개주식회사,081703,2020/12,UQ
히스보험중개주식회사,081703,2021/12,UQ
히스보험중개주식회사,081703,2022/12,UQ
히엘건설(주),106403,2021/12,NA
히엘건설(주),106403,2022/12,UQ
힐리언스,049187,2012/12,UQ
힐리언스,049187,2013/12,UQ
힐리언스,049187,2014/12,UQ
힐리언스,049187,2015/12,UQ
힐리언스,049187,2016/12,UQ
힐리언스,049187,2017/12,UQ
힐리언스,049187,2018/12,UQ
힐리언스,049187,2019/12,UQ
힐리언스,049187,2020/12,UQ
힐리언스,049187,2021/12,UQ
힐리언스,049187,2022/12,UQ
힐링홈스주식회사,084799,2017/12,NA
힐링홈스주식회사,084799,2018/12,QS
힐중공업주식회사,082007,2016/12,NA
힐중공업주식회사,082007,2017/12,QS
힐중공업주식회사,082007,2018/12,QU
힐티코리아주식회사,010534,2012/12,UQ
힐티코리아주식회사,010534,2013/12,UQ
힐티코리아주식회사,010534,2014/12,UQ
힐티코리아주식회사,010534,2015/12,UQ
힐티코리아주식회사,010534,2016/12,UQ
힐티코리아주식회사,010534,2017/12,UQ
힐티코리아주식회사,010534,2018/12,UQ
힐티코리아주식회사,010534,2019/12,UQ
힐티코리아주식회사,010534,2020/12,UQ
힐티코리아주식회사,010534,2021/12,UQ
힐티코리아주식회사,010534,2022/12,UQ
（주）신미코스메틱,085105,2017/12,NA
（주）신미코스메틱,085105,2018/12,UQ
（주）신미코스메틱,085105,2019/12,UQ
